Source,Target
RL7,RBM25
WDR3,RBM25
AHNK,ASPMP
AHNK,DAXXP
DREB,SRRM2
BAZ1BP,RBM25
MSH6P,RBM25
PSIP1P,SRSF6P
SYNE2P,SRRM2
AHNKP,SRSF6P
RPA34,RBM25
RRBP1,SRRM2
AHNK,ASH1LP
TOP2BP,SRRM2
AHNK,PHF6
TITINP,SRRM2
AHNKP,SYNE2P
AHNKP,TOP2A
AHNKP,PRP4BP
KMT2AP,SRRM2P
KMT2AP,SRSF6P
PSIP1P,SRSF1
BRD1P,SRRM2P
UTP18P,SRRM2P
AHNK,HNRC1
AHNK,DHX57P
AHNK,PLEC
AHNK,BCLF1P
AHNK,ANK2
NFH,PR40AP
HS90AP,SRRM2
MAK16P,RBM25
AHNK,H2B1D
AHNK,H2B1M
AHNK,EIF3A
ATPA,SRSF6P
HS90A,HMGA1
ATRXP,SRRM2P
CH60P,SRRM2
AHNKP,PYR1P
TDIF2P,SRSF6P
SRRM2P,SRSF6P
AHNK,CKAP5P
RRP5P,SRRM2
PGM1,SRRM2
TITINP,RCC1
HS90A,GLYR1
AHNK,ANM5P
AHNK,NSD3
RRBP1,HNRC1
RRBP1,HNRPC
RRBP1,MDC1
RRBP1,MDN1P
AHNK,BAZ1B
AHNK,PAIRB
NFH,ASH1LP
KMT2AP,SRSF1
KI67P,TITINP
AHNK,HNRPQ
NSD2P,RBM25
VWA8P,SRRM2
AHNKP,TITINP
AHNK,HNRL2P
TAUHP,SRSF6P
NFH,UBR4P
EHMT1P,SRRM2
AHNKP,RCC2
MAP1BP,SRSF6P
NFH,TITINP
AHNK,PDIA3
AHNK,NSD2
ASPMP,RBM25
AHNK,NIPBL
TOP1,MGAP
RSF1P,SRRM2
MAP2,BPTFP
BPTFP,RS2
AHNK,FSCN1
RRBP1,UTP18P
AHNK,MDN1P
MGAPP,SRRM2P
MAP1BP,SRRM2P
LAP2AP,SRSF6P
AHNK,FEN1
RBM39P,SRRM2
AHNK,HS71A
BCLF1P,SRSF1
LAMB2,RBM25
TAU,RBM25
AHNK,DDX21
RRBP1,HNRPU
RRBP1,RRP5
AHNK,LMNB2
CALR,SRSF1
AHNK,CAPR1
AHNK,AKAP8P
AHNK,LAR4BP
AHNK,BRD1P
HUWE1P,RBM25
AHNK,CAND1P
KTN1,SRSF6P
HS90AP,ZN512
HS90BP,ZN512
ZN512,HS90B
ZN512,HS90A
AHNKP,SMRC2
TITINP,KPYM
RBBP6P,SRRM1
NFH,RAI1P
U520,SRRM2
TOP1P,PRP4BP
HS90AP,TITINP
TITINP,HP1B3
SRRM2P,SRSF1
RAI1P,EIF3A
AHNK,PHIPP
NFH,SMRC2
SRRT,SRRM2
ANK2,SRRM2
BAZ1BP,SPB1P
AHNK,PHRF1P
AHNK,MYH10
NIPBLP,SRRM2
BAZ1B,HP1B3
TRIPC,SRRM2
SRSF6P,SRRM2
SRRM1P,TITINP
AHNK,CENPFP
TRIPC,TCOF
RRBP1,AKNAP
TCOFP,TRIPC
H15,EIF3A
CH60P,SPB1P
MAP1AP,MYH10
AHNKP,SNUT1
AHNK,KI67
AHNK,NFH
SRRM2P,RBM25
AHNK,DYHC1P
ANXA2P,SRRM2
AHNK,G3BP2
CAND1P,RS2
AHNK,DDX46P
UBF1,RS2
CAND1P,LARP1
PRP4BP,LARP1
PTBP1,PRP4BP
IF2B,SPB1P
TCOF,DHX15P
ROAA,SRSF6P
MECP2P,PPIGP
SMC1AP,SRRM2P
KI67P,SRSF1
AHNK,PERI
TITINP,TCOF
AHNK,FBRL
AHNK,MAGD2P
MGAPP,SRSF6P
SMC1AP,SRSF6P
U520,FXR2
AKAP8P,SRSF1
RRP1B,LAP2B
RRP1B,LAP2A
LAP2AP,RRP1B
ABCF1,DDX46P
DREB,DDX46P
LAP2BP,RRP1B
TCOFP,TITINP
SRRM2P,RBM39P
TITINP,MCM6
TITINP,ZN532
SYNE2P,HP1B3
NSD2P,RS2
MDC1P,SRSF6P
NFH,TAU
BAZ1B,LARP1
NFH,SF3B1
TOP1P,SRRM2
PB1,LARP1
H2AW,SRRM2
HP1B3P,SYNE2P
TITINP,MDC1
AHNKP,SYNPO
AHNKP,ZN462
DDX5,PAIRB
SRSF6P,SRSF1
DDX21,DDX3X
MAP1B,MDC1
DYN2P,DDX46P
NFH,HUWE1P
KI67P,RS2
BAZ1A,SRSF1
PRP4BP,TOP1
NACAMP,SRRM2
RSF1P,PRP4BP
MYPT1P,TITINP
HS90BP,TITINP
AHNK,FUBP3
AHNKP,SMCA5
TOP1P,RL13A
RRBP1,SAFB1
BMS1P,U2AF2
H2AW,ABCF1
ROA3,DDX46P
ROA0,DDX46P
TDIF2P,SRRM2P
LAP2AP,SRSF1
KI67,ARH40P
UBR4P,SRRM2
RRBP1,SRP09
EHMT2P,RS2
AHNK,BAZ1A
NFH,SRSF6P
CCAR2,SRSF6P
ZN462,SRRM2P
RRBP1,PRC2CP
MYPT1P,SRRM2
RSF1,EIF3A
CCAR2,SRRM2
SMC1AP,SRSF1
KI67,EIF3A
GRP78,SRSF6P
BAZ1A,DDX46P
TOP1,MTAP2
TITINP,LARP1
MAP1AP,RL13A
AHNKP,TOP1
EFGMP,RS2
AHNK,GCN1
RSF1P,SRSF6P
TOP1P,UTP18P
UTP18P,TOP1
PRP8,SRRM2
EFGMP,LARP1
GOGA3P,HUWE1P
SRRM1P,RNPS1
NACAMP,RBM25
PARP1,NUCL
ROA1P,SRSF6P
TOP1,LARP1
TITINP,IDHP
PNPT1P,RS2
PPIGP,SRSF1
RSF1P,SPB1P
MDC1,EIF3A
AT1A3,RBM25
NDUB9,RS2
NFH,NAT10
PNPT1P,LARP1
SPB1P,RSF1
RBBP6P,SYNE2P
SRC8,SRRM2
NDUB9,LARP1
TCOF,DDX5
ADNP,DDX46P
TOP2AP,SRRM2
SRRM1P,SRSF6P
AHNK,MGAP
SSRP1,PHIPP
PARP1,HNRPR
KMT2AP,ZN292P
NFH,MCM5
AHNK,HUWE1P
NFH,DDX21
NFH,ILF3
SND1,MYPT1
TOP1P,RBM25
NFH,BAZ1B
SNW1,RBM25
NFH,TOP2B
U2AF2,SNUT1
NFH,FLNB
SRRM1,EP400P
TOP1P,PRC2CP
HP1B3P,SRRM2P
SAFB1P,TITINP
TITINP,PDIA3
AHNK,ATPA
AHNKP,TIF1BP
KMT2AP,BCLF1P
KI67P,RBM25
EHMT2P,SRSF6P
GTF2IP,SRSF6P
ABCF1,SRSF6P
WDR3,PAIRB
EXOSX,PPIGP
CHD1,HNRPU
NFM,DDX46P
SRSF6P,GTF2I
KTN1,PLEC
MAP1BP,TITINP
CHAP1P,SRSF1
SRRM2P,RL18
BAZ1BP,SRSF6P
DYN1,SRSF1
DDX27,SRSF1
NIPBLP,SRRM1
AT1A3,SRSF6P
NFH,TBB4A
AHNKP,SPTN4
SRRM1P,RBM39P
PRP4BP,SNUT1
SMRC2P,PRP4BP
TADBP,SRSF6P
RFC1P,DDX46P
HS90A,DDX27
RSF1,BCLF1P
SRRM1,NIPBL
HP1B3P,TRIPC
RL4,RPA34
NUCL,ASH1LP
PPIGP,EP400P
PSIP1P,KI67
TITINP,FLNA
KTN1,SRSF1
UBR4P,EIF3A
MDC1,ILF3
TP53BP,EIF3A
SRRM2P,TRIPC
TDIF2P,LARP7P
BRD3,RBP56
DAXXP,HNRPQ
BRD1P,CAF1A
RNPS1,PAIRB
HEAT1,ASH1LP
SUZ12P,LARP1
NIPBLP,TITINP
AHNK,PABP1
AHNKP,TDIF2P
AHNK,DDX27
EIF3A,RAB35
AHNKP,PR40AP
NFH,YBOX1
SRRM2P,RAI1P
TR150,PAIRB
NFH,SSRP1
SRRM1P,SSRP1
PHIPP,RNPS1
LARP1,DDX46P
AT1A3,DDX46P
XRCC6,RBM25
UBA1,FXR1
H14,DDX46P
THOC4,EWS
H2B1M,HNRH3
RAI1P,SRRM2
RAD21P,PLEC
SRSF6P,PLEC
UTP20P,SRSF1
RRBP1,SUZ12P
UBP36P,TOP1
H13P,PSIP1P
RL1D1,SRC8
RSF1P,RBBP6P
RL4,RBM25
H14P,TITINP
H15P,TITINP
KI67P,RL7
AHNK,SRRM1
AHNK,MYPT1
KI67P,RBP56
NACAM,LA
PARP1,SRSF6P
EFTU,RS2
SAFB1P,SRSF6P
TOP2A,DDX5
TOP2BP,SNUT1
TR150,TOP1
SAFB1P,RBP56
SRRM1,HNRPQ
ASPMP,SPTN4
TOP2A,EIF3A
TCOF,EIF3A
TOP1,K2C1
SMCA5P,SMRC2
TOP1P,TR150
MTAP2,ASH1LP
RRBP1,BPTFP
SNUT1P,TP53BP
THOC4,SNUT1
CBX3P,RBP56
TADBP,MSH6P
BRD3,SRRM2
H14P,SRRM2P
RL7,EIF3A
HMGA1P,PRC2CP
PLEC,RNPS1
AHNKP,UBF1
TOP1P,RS2
RENT1,SRSF6P
SP16H,RBM39P
NIPBLP,RBBP6P
TR150,SAFB1
SAFB1P,TR150
TOP1,DREB
CAF1A,DDX46P
UBF1,SAFB1
MCM3,PRP4BP
CAP1,DDX46P
SRRM1,BAZ1A
NAT10,RRP5
RS3A,DIDO1P
DNJA2P,PLEC
RL14,SRRM2
TITINP,SNUT1
AHNK,EXOS6
BAZ1A,H2B1D
BAZ1A,H2B1M
MDC1P,SPB1P
AHNK,HNRPU
PRC2CP,U2AF2
MYH10,SRSF6P
MYH9,SRSF6P
SRRM2P,RPA34
ASPMP,DDX17
KI67P,RRP1B
NEST,RBM39P
RRP5P,TDIF2P
HNRPU,SRSF6P
NSD2,EZRI
GOGA3P,TDIF2P
NFMP,ZN512
TOP1,METK2
SPTB2,MDC1
ERLN2,SRSF6P
MDC1P,SPTB2
NACAMP,SPTN4
NFH,NSD3
U520,KI67
MCM2,EIF3A
RRBP1,NIPBL
RL1D1,EIF3A
TCOF,PLEC
BAZ1AP,TITINP
TITINP,DDX3X
ATRXP,STMN1
AHNK,EXOSX
NFH,RL24
NIPBL,DDX3X
SPTN4,HNRPR
RRBP1,RING1
ZN462,SRRM1
ATRXP,BRD1P
MGAP,EIF3A
RRBP1,Z280C
NUMA1P,RRP12
SAFB1P,SNUT1
SRRM2P,ZN292P
CH60,DDX3X
H15,BRD3
FSCN1,DDX46P
GRP78,TRIPC
HP1B3,ATRXP
PSIP1P,ZN292P
ANK2,MDN1P
SRRM2P,TITINP
TOP1P,TITINP
TITINP,TOP1
TITINP,TOP2A
TITINP,FLNC
MGAPP,RNPS1
RRP12,RS2
BAZ1BP,RNPS1
KI67P,TAU
PRC2CP,AKAP8P
SPTN4,FXR2
PUF60,RS2
RBBP6P,MAGD2P
MDC1,MCM5
SRRM2P,UBP36P
RRBP1,DDX5
SPTB2,AT1A3
NUCLP,SRSF6P
RFC1P,RBP56
BAZ1BP,SAFB1
QCR2,SRSF6P
RFC1P,SRRM1
SNUT1P,SSRP1
H13,TR150
BPTFP,PLEC
HNRL1,EIF3A
PUF60,LARP1
RRP12,SRRM2
UBP36P,SRRM2
PGK1,DDX46P
PB1,EWS
RBM25,KI67
PHIPP,ARH40P
K2C1,SRRM2
HNRPC,BAZ1B
ATPA,SRRM2
H15,ASPMP
RL12,SRRM2
RNPS1,MGAP
HP1B3P,TITINP
TITINP,TOP2B
TITINP,NIPBL
AHNK,GNL3
SPTB2,PHIPP
AHNK,NAT10
BRD1P,SPB1P
KMT2AP,RBM25
UBP36P,THOC4
NUMA1P,PTBP1
MDC1P,RBM39P
MAP1AP,RAI1P
PRP4BP,RSF1
SMCA5P,RBP56
BAZ1BP,SRRM1
LARP7P,PHIPP
H13P,MAP2
AHNKP,PRKDC
BRD1P,PPIGP
MCM2,EWS
RBM25,AKAP8P
H13P,GLYR1
RPB2,GNAS1
NUCL,EWS
ATRXP,SPTN4
RBBP6P,NUMA1
BRD3,SRRM1
MAP1B,KI67
HP1B3,DDX27
GNL3P,SNUT1
ZN292P,KMT2A
DDX5,BCLF1P
LARP7P,BCLF1P
RSF1P,SNUT1
RBM25,TOP2A
LARP1P,SRRM2
HDAC2P,EIF3A
DDX5,ZN638P
PTBP1,NUMA1
RRP12,SYNE2P
KI67P,RL18
AHNK,HNRPR
ASPMP,RL1D1
ELYSP,SRSF6P
MAP1B,PHIPP
RRBP1,SRSF9
MAP1AP,U2AF2
SMRC2P,SRSF1
KI67,AKAP8P
ARH40P,SRSF6P
KMT2AP,SRRM1
AHNK,MSH6P
NIPBL,DDX21
RRBP1,DNJA2P
ATRXP,ITB1
SRRM2P,SRRM1
AHNKP,TP53BP
KI67P,RFC1P
SRRM1,FBRL
RBM39P,GAR1
SSRP1,SRSF6P
RSF1P,SRSF1
ANM5P,PAIRB
PRC2CP,MDC1
SRRM1,GRP78
NFM,PPIGP
GNL3P,RPA34
SRRM1,ARVCP
RRBP1,ZMYM4P
SUZ12P,CHD1
H12P,BRD3
PHRF1P,DIDO1P
CAF1A,DHX57P
SRRM1,DHX57P
BAZ1BP,SPTN4
MYPT1P,RBBP6P
HP1B3,LARP1
DNJA2P,UBP36P
RRBP1,KMT2A
TR150,NIPBL
APEX1,PRC2CP
LARP1P,TITINP
TITINP,H13
MGAPP,SRSF1
RRBP1,H2A1B
NIPBL,EXOS6
CLH1,SRSF1
AHNKP,RRP44
SRRM1P,RS2
MDN1P,DDX46P
DYHC1P,PRP4BP
NSD3,SRSF6P
HP1B3P,RS2
RRP12,H2AW
BPTFP,CUX1
SRRM2P,TR150
ASH1LP,DDX46P
CUX1,SRSF6P
SMCA5,PHIPP
TRIPC,DDX21
SNUT1P,RBMX
TOP2B,DDX17
SNUT1P,RMXL1
RRBP1,ECHAP
DNLI3P,TOP1
NIPBLP,RRP5
TRIPC,BAZ1B
UTP20P,MDC1
SETLP,SRSF1
TOP1,HP1B3
RRBP1,JIP4P
BRD3,SSRP1
SNUT1P,TR150
SRRM1P,LARP1
BAZ1BP,TRIPC
NFH,GOGA3P
NUCLP,SMCA5
MAP1B,KMT2A
TDIF2P,EIF3A
PHIPP,SRRT
SRC8,EIF3A
PDIA4,RBBP6P
DNJA2P,EIF3A
RSF1,MDC1
LMNB2,SRRM2
TOP1P,ZN292P
ZN384,SRRM2
HDAC2P,ATRXP
EXOSX,TITINP
LAP2BP,TITINP
TITINP,IF2B2
TITINP,E41L5
AHNKP,SYNC
TOP2B,H1X
AHNK,DHX15P
RBM25,RS2
ATRXP,SNW1
AHNK,NU153
MDC1P,PTBP1
CUX1,SRSF1
TOP2AP,RL1D1
NSD2P,U2AF2
BAZ1BP,WDR3
NFH,RS8
TCOFP,RBP56
HNRPM,SRSF6P
UTP20P,BAZ1B
NFH,CH60
ANK2,RL1D1
DDX21P,U2AF2
SMRC2P,SRRT
SMC1AP,PRP4BP
RL1D1,PAIRB
NFMP,SNUT1
H12P,PSIP1P
CAF1A,SRRM1
EWS,HS71A
PHIPP,PAIRB
RAI1P,UBP2L
UHRF1,DNLI3P
TOP1,DHX15P
RBM25,LARP1
NUMA1P,SRRM2
RBM39P,AKAP8P
NUCLP,TR150
LARP7P,SAFB1
NFH,CK5P2P
KI67P,SYNE2P
HP1B3,ARH40P
WDR3,BAZ1B
SRSF6P,MYPT1
HIRP3P,MDC1
PTBP1,MDC1
RNPS1,SMC1A
H13P,PRC2CP
TAUHP,ASPMP
H12,MAP1AP
RS8,SRRM2
DKC1P,TITINP
TITINP,PABP1
UBR4P,BMS1P
SYNE2P,TR150
PRC2CP,DNJA2P
KI67P,RBM39P
SRRM2P,TRM6P
UBP36P,ROA0
CKAP2P,SPB1P
DNLI3P,RBMX
BAZ1BP,PSIP1P
UBP36P,PAIRB
DNLI3P,RMXL1
MAP1AP,LARP1
TDIF2P,RNPS1
RBBP6P,DDX21
BRD3,SRSF6P
LARP7P,APEX1
PR40AP,HIRP3P
RRP5,LARP1
PARP1,PPIGP
RBBP6P,NU153
SAFB1P,UBF1
KMT2A,KMT2AP
SRRT,CAF1A
NFH,BAZ1A
GRP78,LARP1
H12,GNAS1
RBM34,SNUT1
RL1D1,DDX46P
BRD3,MYH10
MAK16,BRD1P
NSD2P,UBR4P
ABCF1,KI67
H13,KMT2A
RBM39P,KI67
MDC1P,TITINP
TOP2BP,TITINP
RSF1P,TITINP
TITINP,H1X
TITINP,RRP44
ZN292P,RL7
SYNE2P,RAI1P
PHRF1P,THOC4
PARP1,PB1
KI67P,SNUT1
HNRPU,PB1
MBP,SRSF1
RRP12,SRSF6P
NIPBLP,RBM25
RRBP1,RBM34
AHNK,LAMB2
BRD1P,SRSF6P
CKAP5P,ITF2
RBBP6P,ATD3B
RRBP1,RBM39P
ZN532P,RL1D1
NSD2P,RBM39P
ANK2,SRSF6P
ZN638P,SNUT1
MDC1,ABCF1
MAP1B,DDX46P
RRP12,HNRPR
RBBP6P,CAF1A
LMNB1,RBMX
MAP1AP,NEST
NFH,DDX52P
NAT10,TOP1
ERLN1,SRSF1
ERLN2,SRSF1
RRP5,BAZ1B
NFH,HNRPU
NUCL,LMNB2
PPIGP,FXR2
WDR3,RSF1
RSF1P,RSF1
SRRM1P,SRRM1
RSF1P,WDR3
SNUT1P,SAFB1
H14,PPIGP
HS90A,CHD1
DDX21,DDX46P
PPIGP,MBP
HP1B3,PPIGP
MECP2P,AKAP8P
H12P,RBM25
WDR43P,DNLI3P
FLOT2,DDX3X
TCOFP,ZN462
H15,MYPT1
E41L3,CK5P2P
HNRPU,NSD3
NFH,RBBP6P
CBX3P,SRSF6P
U2AF2,SRRM1
MDR1,SRRM2
GNAS1,DIDO1P
SRRM1P,ZN638P
LARP7P,EIF3A
ACLY,SRRM2
CAF1A,ZN462
RL1D1,ZN532
SRSF6P,SAFB1
DNJA2P,LARP1
TOP1,PHRF1P
BCLF1P,NIPBL
H12P,RBBP6P
H13,MDC1
SPB1P,DDX17
PB1,DHX15P
K2C1,SPTB2
RSF1P,TRIPC
RRBP1,SYNE2P
H12,ASH1LP
SRSF6P,SPTN4
DNJA2P,ASPMP
HNRC1,ZN292P
H2A1B,SRRM2
TITINP,LAP2B
TITINP,MBP
KI67,HMGA1
PHRF1P,GAR1
TOP1,APP
ASH1LP,DDX5
NSD2P,SRSF6P
SPTB2,XRCC6
MAP1AP,BRD3
ZN462,Z280C
ZN532,PAIRB
TCOFP,RSF1
F208BP,DDX27
MAP1BP,RRP44
NIPBLP,UBP36P
PPIGP,RNPS1
PLEC,ZN638P
TOP1,EXOS6
SRRM2P,TOP2A
NUMA1,EIF3A
CAF1A,HNRPR
KTN1,PRP4BP
TCPD,PAIRB
H13P,RPA34
SAFB1,DDX27
BCLF1P,EIF3B
TOP1P,TOP1
HNRC1,RNPS1
H15,DHX15P
H14,TR150
LARP1P,RRP5
MECP2P,RBM25
NSD2,F208BP
ARH40P,SRRM2
FEN1,PPIGP
H15P,TOP2A
DDX21P,TRIPC
DDX21P,U520
H15,PHRF1P
SPB1P,XRCC6
RSF1P,TCOF
H1XP,SSRP1
TR150,KI67
H14P,PRC2CP
LYRIC,SRRM2
HMGA1,FXR1
H2B1D,SRRM2
ODPB,SRRM2
TITINP,RNPS1
TITINP,SNW1
AHNKP,VDAC2
EP400P,SPB1P
MAP1BP,SPB1P
KI67P,RS8
AHNK,PPIGP
BPTFP,BMS1P
KI67P,U2AF2
NSD3,GAR1
BPTFP,LA
ILF3,RS2
EP400P,RFTN1
SRRM2P,RCC2
MAP1B,HDAC2P
BPTFP,HNRPR
NFMP,SPB1P
NFH,RL7L
SMCA5P,RCC1
NIPBL,DDX17
CCAR2,SRSF1
MDC1P,RBP56
ZN292P,SRRM1
SMRC2P,RING1
MYH9,ITF2
ATRXP,SRRT
NIPBLP,PRP4BP
MAP1AP,PARP1
TOP2B,DDX5
SRRT,SRSF6P
H14P,SRSF1
SRRM1,FEN1
POGZP,TOP1
CKAP5P,SAFB1
BPTFP,EIF3A
ASH1LP,DHX57P
GNL3P,RCC1
AKAP8P,SRSF6P
PPIGP,RMXL1
BAZ1AP,RBM25
KI67P,ZN638P
PHRF1P,ADNP
LMNAP,U2AF2
ILF3,HSP7C
H13P,RL1D1
RBBP6P,NSD2
H12P,RL1D1
LARP7P,LMNB1
NUCKSP,RL7L
XRCC5,SNUT1
BCLF1P,BRD1P
RAB35,SRSF1
BAZ1BP,RRP5
WDR3,RRP1B
RRP5,KI67
GOGA3P,SRRM2
TCOFP,PRC2CP
H14,DSRAD
RCC1,GNL3
HNRC1,EWS
TOP1,EIF3A
TOP1,POGZ
MSH6P,KI67
SRSF6P,SRRM1
RL7,PPIGP
H13P,PRP8
HP1B3P,ZN638P
RCC1,SMCA5
LMNAP,SRRM2
ROAA,EIF3A
BRD3,CENPFP
H14,EP400P
KPYMP,SRRM2
H15,EP400P
H12,ASPMP
H15,KMT2A
H2B1D,SRRM1
CBX1P,EIF3A
RS8,KI67
H1XP,RBBP6P
H14,MDN1P
H2B1M,SRRM2
SPB1P,MDN1P
SNUT1P,TITINP
AHNK,LAP2B
MAP1AP,RL1D1
NUMA1P,PHIPP
KI67,HNRPR
MAP1AP,GRP78
NIPBL,LMNA
KMT2AP,RAI1P
RRP12,FBRL
MAP1B,AKAP8P
BAZ1B,HNRDL
TPR,RRP1B
PSIP1P,SRSF3
MAP1AP,BCLF1P
GOGA3P,TCPG
ATRXP,SAFB1
MDC1P,RBM25
MAP1B,AT1A3
TOP2B,NUCL
HP1B3P,SRSF1
KI67P,TCOF
NUMA1,MYPT1
PRP4BP,GNL3
KI67P,RBBP6P
RRP5,MYPT1
DDX5,SRSF6P
NFM,HP1B3
SK2L2,RRP1B
RL1D1,PHIPP
H12P,RSF1
NFMP,RBM25
LARP7P,ZN512
PSIP1P,RBM39P
TOP1,HNRPQ
TR150,SMCA5
SMC1A,EIF3A
LARP7P,EWS
PYR1P,SPTN4
HNRPU,TR150
NUCLP,SRRM1
LARP7P,DDX27
BAZ1AP,PYR1P
GLYR1,RBM25
GRP75,UBP2L
RBBP6P,PRC2CP
RBM25,NSD2
HP1B3P,SRRM1
LARP7P,PRP4BP
PSIP1P,BCLF1P
PSIP1P,TR150
GNL3P,PRP4BP
RBM39P,RAI1P
U2AF2,BCLF1P
PSIP1P,DDX46P
RSF1P,PR40AP
NUCLP,TOP2B
SSRP1,PHRF1P
RBM25,ELYS
H14P,RBBP6P
SRRM1P,ZN292P
RNPS1,BCLF1P
DKC1,BAZ1A
PHIPP,CAND1P
PSIP1P,ZN638P
HS90BP,SRRM2
UBF1,MGAP
UBF1,ASPMP
PHIPP,NUMA1
HDAC2P,SRRM2
HNRC1,UTP20P
H12,SYNE2P
PARP1,TITINP
ROAA,TITINP
TITINP,NUCKS
TITINP,ITF2
TITINP,Z280C
AHNKP,RL26
F208BP,SRSF3
NIPBL,GAR1
SYNE2P,RBP56
BAZ1BP,STMN1
NIPBLP,RNPS1
CKAP5P,RNPS1
KI67P,Z280C
TOP1P,SRSF3
DIDO1P,FXR1
PHRF1P,U2AF2
DIDO1P,EWS
HYOU1,ROA0
BPTFP,TR150
LARP7P,CBX3P
NAT10,HNRH3
SRRM2P,PR40AP
ILF3,FBRL
PHRF1P,PABP1
HS90AP,RNPS1
ASPMP,ARH40P
NIPBLP,SMC1A
ZN638P,CHD1
HS90BP,SRSF6P
CK5P2P,SAFB1
MAP1BP,SMC1A
RFC1P,LARP7P
RRBP1,RBM25
UTP18P,SRSF6P
RRBP1,SRRM1
HNRPU,LA
BAZ1AP,PRP4BP
BCLF1P,FXR1
ABCF1,LARP7P
KI67P,SPTB2
H13P,RSF1
TOP1,IDHP
HS90A,LMNB1
SSRP1,TOP1
NUCL,FXR1
SRRM2,ATRXP
ASPMP,EP400P
PPIGP,E41L5
BAZ1BP,TCOF
MAP1AP,ASH1LP
NFMP,PRP4BP
H14P,SSRP1
E41L5,RBM25
TOP1P,SSRP1
BRD3,RBM25
ANK2,GNAS1
ABCF1,BRD1P
PRP4BP,NSD2
UHRF1,UBP2L
HS90A,DDX46P
CHD1,DHX9
SRRM1P,SF3B1
TOP1P,SAFB1
TOP1,BCLF1P
HDAC2P,SNUT1
PHIPP,HNRPR
RSF1,EIF3B
H12P,PRP4BP
RNPS1,ZN512
MCM10P,PHRF1P
MAP1B,PLEC
POGZP,SRRM2
SRBD1,TRIPC
ACLY,DIDO1P
DHX57P,MGAP
BMS1P,ZCCHV
SMC1A,NIPBL
PHF6,DDX46P
NUCL,SPTN1
LYRIC,MDC1
EWS,SPTB2
RNPS1,BAZ1B
IF2B2,PRC2CP
CAPR1,ASPMP
TOP1,BPTFP
HP1B3,NIPBL
TOP1,KI67
U2AF2,KMT2A
RL24,PHRF1P
BMS1P,PLEC
BMS1P,MDN1P
BAZ1BP,TITINP
TITINP,HNRPD
TITINP,EF2
TITINP,GTF2I
TITINP,NUMA1
NIPBLP,SPB1P
ZN292P,PB1
AHNK,K1C9
SMHD1,H1X
UBR4P,PPIGP
CK5P2P,YBOX1
SRRM2P,RL1D1
KMT2AP,TAU
DDX21P,RS11
TAUHP,RS2
SRRM2P,ZN512
AHNK,EHMT1
PRC2CP,HSP7C
ATRXP,PERI
KMT2AP,PR40AP
PHRF1P,PAIRB
TOP2AP,RMXL1
MYH9,RBM39P
LARP1P,SRSF6P
ATRXP,ANK2
SUZ12P,THOC4
SPTN1,ZCCHV
ASPMP,EHMT1
SRRM2,MYPT1
NUMA1P,SNUT1
BAZ1A,HNRPR
BAZ1B,LMNB2
GCN1,RRP12
RRBP1,NUCL
SMC1A,ITF2
RRBP1,DHX15P
ARH40P,BCLF1P
SAFB1P,UTP18P
TAUHP,RSF1
PRP4BP,LMNA
DIDO1P,GDE
RL1D1,SRSF6P
SRRM1,DDX3X
H15,KHDR1
CAF1A,NUCL
SMRC2P,SRRM1
EXOSX,SSRP1
DDX5,RBM39P
SRSF6P,RNPS1
UHRF1,TDIF2P
MYH10,CKAP5P
DDX27,SND1
ATRXP,PRC2CP
PARP1,DSRAD
PRP4BP,SMC1A
NUCL,CHD1
PPIGP,UBP36P
RRBP1,U520
HNRDL,EWS
HP1B3,BCLF1P
BRD1P,RBBP6P
RSF1,HNRPU
RFC1P,ZN638P
RSF1,DYN2P
RSF1P,TR150
NEB2,PHRF1P
PARP1,MDC1
LYRIC,SMC1A
RSF1P,SMCA5
BOP1,RBBP6P
RS8,GTF2I
RSF1,BAZ1A
RL18,HNRPQ
EIF3B,NIPBL
WDR3,RRP5
H14,DIDO1P
DDX21P,PRC2CP
RS3A,PRP4BP
RMXL1,TOP2A
HP1B3P,PYR1P
ILF3,PRKDC
HMGB1,PRP4BP
SSRP1,ASPMP
RS11,DDX21
LAP2A,ASPMP
H14,ASPMP
RL1D1,KMT2A
SPB1P,RRP5
H1XP,SMHD1
HMGA1,EIF3A
RS2,SRRM2
TOP2AP,TITINP
NSD2P,TITINP
DDX21P,TITINP
EF2P,TITINP
TITINP,ADHX
NDUS6,SRSF1
ROA1P,SMHD1
COF1P,SRRM2P
TITINP,RUVB2
KMT2AP,RS4X
DYHC1P,PHF6
PRP8,RL14
PRKDC,HNRH1
SYNE2P,PPIGP
AHNK,LAP2A
MAP1BP,ROA0
AHNK,EFGMP
MTAP2,NDUV2
E41L5,HMGA1
ABCF1,TCP4
AHNK,AT2A2
ABCF1,RS2
SMHD1,ROA1
MAP1AP,SAMD1
BAZ1AP,ROA0
RRP5P,ROA3
PRP8,H33
SRRM2,FXR2
H14P,RS11
NIPBLP,SSRP1
H15P,RS11
TOP2AP,RS8
MDR1,SRSF6P
PRP8,H31
SRRM1P,RL7
SPTB2,H13
EXOSX,RL7
ABCF1,SRSF1
KI67P,PRP4BP
ZN638P,TOP1
CK5P2P,RBP56
RBBP6P,PDLI5
MGAPP,PRP4BP
SAFB1P,RNPS1
MYPT1P,SRSF6P
RRP5,HS71A
RRP5,HSP7C
DIDO1P,DDX21
TPR,TR150
MTAP2,FXR2
CK5P2P,NUCL
ZN292P,DDX46P
ASH1LP,ADNP
TR150,ROA1
HIRP3P,GAR1
PHRF1P,DDX3X
MATR3,SRSF6P
ARVCP,PAIRB
SPTB2,DDX46P
EP400P,EIF3A
NU107P,RS8
SSRP1,RBMX
SMCA5P,RSF1
AT1A3,U2AF2
E41L5,SRSF6P
RBBP6P,HNRL1
RRP5P,SAFB1
BAZ1BP,Z280C
SRRM1,H4
NFH,RCC2
HNRPU,LAP2B
NSD3,DDX27
DDX27,KHDR1
ANK2,LA
ENPL,GAR1
MYPT1,DDX3X
BAZ1BP,PR40AP
H12,PHIPP
SMC1A,HNRL1
EHMT1P,SMCA5
TOP1P,RTCB
BRD3,DDX5
DNLI3P,RBM25
SPTB2,MYH10
SUZ12P,HNRPQ
BMS1P,SRSF6P
RRP5P,TOP2B
H15P,RBM39P
BRD3,FXR2
PR40AP,SRRM1
BRD1P,DDX46P
NFMP,SRRM1
RL7L,NUCKS
LARP1P,UBP36P
RBBP6P,RRP5
PHIPP,BMS1P
UBF1,MATR3
HCFC1,PRP8
SRRT,PRP4BP
TAUHP,SRRM1
SMCA5,EHMT1
RSF1,H15
ABCF1,LARP1
MDC1P,ZN292P
H12,PPIGP
ECHAP,DDX46P
TRIPC,ZN292P
HNRDL,RBP56
PSIP1P,PPIGP
RRP44,EIF3A
RL13A,RNPS1
SMC1AP,RRP5
TADBP,HNRPR
ITF2,SMCA5
DDX52P,TR150
H1XP,SRSF6P
TADBP,FXR2
EF2P,SNUT1
SRSF6P,RBP56
EF2P,RBM25
RRP12,PRP8
CAND1P,DIDO1P
RAI1P,RBBP6P
RFC1P,TPR
CAF1A,DIDO1P
MAP1AP,SYNE2P
AT1A3,ZN462
ROA1P,TR150
MYPT1P,UTP20P
ITB1,PRP8
SRRM1P,TPR
RNPS1,SAFB1
PRP4BP,MGAP
H13P,ZN638P
DAXXP,DIDO1P
SPB1P,ATD3B
SND1,PRC2CP
TOP1,NUMA1
NUCKSP,SRRM1
ZN512,U520
HNRPM,PRC2CP
DDX46P,PRKDC
FXR2P,SRRM2
DDX21,CENPFP
SSRP1,ASH1LP
TOP1P,SPTN4
ABCF1,KMT2A
ROA3,RRP5
LARP7P,ASH1LP
RL14,UBP36P
RSF1P,ZN462
CSRP1,SYNP2
H14,KMT2A
GRP78,PLEC
RNPS1,NIPBL
RL7L,SPTN1
DDX52P,SYNE2P
RL18,KI67
APP,SRRM2
PHIPP,NDUS3
TITINP,STMN1
TITINP,GNL3
TITINP,NETRP
KMT2AP,RS2
PRC2CP,H2A1B
KI67P,SPB1P
ASPMP,ROA0
NACAMP,RL18
PRP4BP,HMGA1
AHNKP,SRP68P
SPTN4,FBRL
FLNB,SRSF6P
SYNE2P,CAF1A
ZN462,PHIPP
ATRXP,FEN1
PRC2CP,LAP2B
SRRT,FAS
BAZ1BP,SRSF1
AHNK,GTF2I
ADNP,SPB1P
SMHD1,RSF1
ANK2,SPB1P
KI67P,UHRF1
AT1A3,SRSF1
DYN2P,GAR1
MTAP2,HIRP3P
ASH1LP,SND1
TOP2AP,SYNC
SPTN1,DDX21
RRP5,HNRPQ
CK5P2P,HNRPR
HSP7C,GAR1
TRIPC,FXR2
HS71A,GAR1
RFC1P,PAIRB
KI67P,RPB2
NIPBLP,SK2L2
ZN292P,NAT10
CLH1,DDX3X
MDC1P,SRRM1
AHNK,FLNA
XRCC1,ROA0
BRD3,PHIPP
IF2B1,ROA0
RFC1P,TOP1
KTN1,PPIGP
BAZ1AP,SRRT
SPTN4,PHRF1P
RRP12,NETRP
SMCA5,NUCL
BRD3,RL1D1
H13,LAP2B
BAZ1B,MYPT1
RBM34,RNPS1
U3IP2,SRSF6P
KI67P,SPTN1
NIPBLP,U520
MYH9,BAZ1A
SAFB1P,Z280C
DDX52P,MECP2P
TCOFP,SMRC2
HS90A,DDX5
MAP1B,CKAP5P
TOP2B,NSD3
TOP1,GNL3
H15P,LARP7P
BRD1P,GNAS1
ACLY,UBP2L
NIPBLP,UTP20P
NFM,BCLF1P
MAP1B,ATRXP
PARP1,DDX46P
PR40AP,DDX46P
CKAP2P,HNRL2P
TOP1,FXR2
CBX3P,SPB1P
SRRM2,CENPFP
SSRP1,ABCF1
NETRP,UBP2L
PSIP1P,FXR2
RFC1P,GOGA3P
NSD3,MYH9
NU153,NACAM
HEAT1,KI67
DDX52P,CAF1A
RPA34,ANK2
TCOF,FLNB
ANK2,GOGA3P
SYNP2,MYH9
TOP2B,MGAP
LARP7P,UBP2L
BRD1P,NUMA1
HS90A,BAZ1B
NFM,MYH9
SAFB1P,TRIPC
PHIPP,MATR3
SRRM1,MDC1
NSD2,EP400P
ABCF1,MYH10
SP16H,SPTN1
RSF1P,RFC1P
PRP4BP,F208BP
DRG1,RAI1P
SNUT1P,TRIPC
RFC1P,ASPMP
DDX21P,SPTN1
SPB1P,HS90A
GNL3P,TP53BP
TAUHP,UTP20P
UBF1,KI67
BRD3,KI67
H13,BPTFP
APEX1,BAZ1A
PHIPP,MYH9
BRD1P,MDN1P
ABCF1,UBR4P
H2AW,ATRXP
LYRIC,KMT2A
FEN1,UTP20P
SNUT1P,SYNE2P
RL26,ZN532
HMGA1P,PRP4BP
SPB1P,ZN638P
FAS,EIF3A
PLEC,SRSF3
TITINP,NSD2
SYNE2P,FBRL
MDC1,FAS
AHNK,IDHP
ATRXP,RL14
SYNE2P,TOP1
CKAP5P,GAR1
MAP1AP,FBRL
ZN532P,RS2
BAZ1AP,RL18
PRKDC,PSIP1P
KMT2AP,SMU1
ASH1LP,PAIRB
NIPBLP,TADBP
DHX57P,RL14
CKAP5P,FBRL
EP400P,SF3A3
BAZ1AP,RL7
ZN292P,LAP2B
PRP8,RS7
SRRM2P,TCPG
MYPT1,PB1
UBR4P,E41L3
PRC2CP,TOP1
NIPBLP,XRCC6
ASH1LP,EWS
UTP20P,HNRPQ
U2AF2,HMGA1
KMT2A,CUX1
UTP20P,LAP2A
SPTN1,HNRPQ
SRRM2,DDX17
RFC1P,ROA0
MAP1AP,HNRL2P
PRKDC,UBP36P
PLEC,MDR1
KI67P,TR150
CENPFP,PR40AP
GNL3P,SRSF3
SYTC,THOC4
MGAPP,RAI1P
KMT2AP,SF3B1
RENT1,PHIPP
EP400P,BRD1P
HP1B3P,RL18
BAZ1AP,RBM39P
MAP1B,ANK2
NIPBLP,SRBD1
MAP1B,CAF1A
MAP1BP,PR40AP
KI67P,SF3B1
MYH10,DHX15P
SPTB2,ARVCP
MTAP2,RRP1B
BAZ1B,HNRPQ
SMC1AP,RBM39P
KI67,AKNAP
BAZ1B,DDX3X
RRBP1,HNRPR
MDC1P,TR150
SYNE2P,EP400P
SMC1A,LARP7P
AHNK,MAP1AP
TR150,RSF1
RFC1P,DDX5
RBBP6P,TR150
NSD2,LAR4BP
FLNC,TOP2A
UBP36P,DREB
ZN532,PPIGP
NFH,DDX5
DSRAD,BRD3
KI67P,TRIPC
NFH,HNRPR
SRRM2P,RBBP6P
SNUT1P,TCPG
RRP12,SRRM1
MAP1BP,RBBP6P
ZN292P,MDC1
ENPL,RS3A
UBF1,HNRPR
RBBP6P,TCOF
BAZ1AP,RRP12
TR150,SNUT1
ZN532,LARP1
SMRC2,NAT10
THOC4,GAR1
EP400P,ZN292P
SMRC2P,RENT1
NFMP,SAFB1
HNRPU,RBM25
SYMC,BCLF1P
PPIGP,DDX21
NFM,CAF1A
PRP8,SPTN4
NUCLP,UHRF1
EWS,ECHAP
EXOSX,BRD1P
TADBP,SF3A3
DDX21P,TR150
DDX21P,PRP4BP
NFMP,SMC1A
MAP1B,ASPMP
PHIPP,TCPG
H14P,PR40AP
SNUT1P,SMC1A
SMRC2,CK5P2P
SK2L2,PHRF1P
LARP1,DIDO1P
RRP1B,BAZ1A
UBP36P,MAP1B
SMC1AP,PRC2CP
ACTN1,NUMA1
SRRM2P,SYNE2P
LARP7P,TOP2A
LYRIC,TOP2A
GNAS1,PRC2CP
PPIGP,NUMA1
EWS,MYH9
EWS,MYH10
SF3B1,KMT2A
SETLP,BCLF1P
SK2L2,KI67
APEX1,DDX46P
CBX1P,EWS
UBF1,MAP1AP
TPM4,BCLF1P
CBX2,MDC1
LAP2AP,UTP20P
KHDR1,RBBP6P
PR40AP,KMT2A
H15,SPTN4
XRCC1,SRRM2
HMGA1P,U2AF2
XRCC6,NIPBL
H13,MGAP
PDIA3,PRP8
H15,ASH1LP
RAD21P,EP400P
NEB2,PRKDC
PDIA3,NIPBL
SRSF3,NFM
DDX21,PLEC
U2AF2,KI67
PB1,GOGA3P
RL4,DDX46P
RL18,BAZ1A
HNRC1,SRRM2
RCC1,SRRM2
H2AW,KMT2AP
PAIRB,MDN1P
TBB2A,ELYS
TBB2B,ELYS
TBB4B,ELYS
TBB4A,ELYS
TBB5,ELYS
TITINP,CBX3P
TITINP,SRSF9
TITINP,DDX21
AHNKP,THOC4
MDC1P,RL26
DYHC1P,HNRDL
HUWE1P,PAIRB
SYNE2P,SSRP1
AHNK,NDUS1
UBR4P,EWS
AHNK,NEB2
ATRXP,RS5
NUMA1P,RNPS1
UBR4P,SNUT1
PRC2CP,IDHP
RRP5P,ROA0
SPTN1,PAIRB
TITINP,AHNK
ASPMP,MAGD2P
NUMA1,H2AW
ELYSP,TBB4A
ELYSP,TBB5
ELYSP,TBB2A
ELYSP,TBB2B
ELYSP,TBB4B
ELYSP,TBB3
KI67,EWS
ZN638P,RS8
ZN638P,PAIRB
ANK2,RL18
TCOFP,SRSF6P
KMT2AP,TR150
ASPMP,MATR3
SNUT1P,SPB1P
KMT2AP,UBP2L
NUMA1,LARP7P
DDX27,SRSF9
HS90BP,SPB1P
MYH9,RBP56
CENPFP,SP16H
MGAPP,SK2L2
TCOFP,SRC8
ASPMP,RRP12
ATRXP,HYOU1
TRIPC,MCM3
NFH,KHDR1
AHNK,FLNB
NACAM,BCLF1P
NSD3,HSP7C
BAZ1AP,Z280C
NUMA1P,PRP4BP
ABCF1,RBM34
RRP5P,TR150
TOP2BP,RBM25
TOP1,FBRL
TOP1,ANXA2
RRBP1,DDX27
SNW1,RNPS1
NFMP,PSIP1P
RBBP6P,GNAS1
BAZ1AP,SRRM1
RRP1B,HDAC2P
MCM3,RBM39P
RRP5P,SMC1A
SAFB1,HNRPQ
RNPS1,RL14
TOP2AP,UBP2L
PHIPP,EXOS6
LARP1P,SNUT1
TCOFP,RFC1P
HNRL2P,K2C1
BAZ1BP,RFC1P
EHMT1,DDX46P
MSH6P,UBP2L
SRBD1,SNUT1
UHRF1,ATD3B
NUCKS,GAR1
PABP1,LARP7P
SRSF6P,FBRL
H14,PABP1
NIPBLP,PRC2CP
RRP5P,ZN638P
MDR1,MSH6P
EXOSX,CAF1A
HNRC1,FBRL
RRP1B,ABCF1
DDX21P,SRRT
LAP2A,DDX21
SPTN4,ASH1LP
GNL3,EWS
DHX9,BAZ1A
MAGD2P,PPIGP
LYRIC,Z280C
NUCLP,SAFB1
RFC1P,BAZ1B
GCN1,ASPMP
SK2L2,NSD2
SRSF6P,MECP2P
SAFB1P,RRP12
EWS,LONM
H1XP,YBOX1
BAZ1A,F208BP
H13,DDX46P
Z280C,SMRC2
KTN1,DIDO1P
SYNP2,MTAP2
HDAC2P,RBM25
HS90BP,RRP12
SRBD1,RBBP6P
RFC1P,NACAM
ACTN1,PHRF1P
NLTPP,BRD1P
RL1D1,TR150
PB1,RS8
Z280C,BAZ1A
MAP1B,MDN1P
SP16H,ATRXP
SMRC2P,PRC2CP
PARP1,ATRXP
H15,ARH40P
DDX46P,GCN1
CBX2,EIF3A
RPA34,MSH6P
SRC8,TCOF
RAB35,UTP18P
PRP4BP,NIPBL
SAFB1P,SPTN4
SMCA5,ASH1LP
TOP1P,RBBP6P
RPB2,ASPMP
CAF1A,PRC2CP
EWS,U520
RAI1P,KI67
PAIRB,MSH6P
PR40AP,KI67
HP1B3P,SMHD1
TDIF2P,NIPBL
ABCF1,EP400P
NFM,ASPMP
COF2,ATD3B
NUCKS,DDX46P
HMGB1,BCLF1P
H15,ZN292P
MECP2P,DIDO1P
PB1,TR150
XRCC6,ASH1LP
TBB3,ELYS
BRD3,KMT2A
UGDH,NIPBL
DRG1,ATRXP
PGK1,PRC2CP
LMNB2,DYHC1P
ROAA,SRRM2
PHF6,MGAP
TOP1P,UBR4P
PB1,TRIPC
RS8,KMT2A
CKAP2P,SYNE2P
RL18,DIDO1P
NUCKS,KI67
RL26,MDC1
ELYSP,TITINP
NUMA1P,TITINP
H2B1D,PRC2CP
SMC1AP,TITINP
NPMP,TITINP
UBA1P,PRP4BP
RS3,SRRM2
DRG1,TITINP
TITINP,RL13A
TITINP,MYPT1
SYNE2P,MAGD2P
AHNK,K2C1
KMT2AP,TADBP
RRP5P,SPB1P
AHNK,EWS
DYHC1P,PSIP1P
PRC2CP,ENPL
SPTN4,ROA0
KMT2AP,U2AF2
PRKDC,DKC1
TOP2BP,SPB1P
BPTFP,RMXL1
SYNE2P,SND1
KMT2AP,RBM39P
PLEC,XRCC1
NFH,FAS
BPTFP,U2AF2
SPTN4,PAIRB
UTP20P,LAP2B
KI67,LMNB2
KI67,FXR1
MYH9,PAIRB
MAP1AP,RBP56
MYH9,RBM34
BAZ1AP,SRSF6P
NIPBL,EWS
TOP2A,PHIPP
KMT2AP,SYNP2
BPTFP,HNRL1
RRBP1,PAIRB
RBBP6P,LA
FLNA,DDX27
UBP2L,SRSF6P
EIF3A,KHDR1
Z280C,NUCKS
GCN1,SRRM1
MAP1AP,PR40AP
RRBP1,TRM6P
H12,SPB1P
SRRM2P,SRBD1
ELYS,HNRPU
MAP1BP,SRRM1
KI67P,SMRC2
PRP4BP,UBA1
SRCP,GAR1
TOP2B,DDX3X
H13,EXOS6
PRP8,CUX1
U520,SRRM1
BRD1P,IDHP
ASH1LP,DHX9
U520,CAF1A
ASH1LP,MSH6P
SRRM1,HNRPF
PPIGP,RS5
BPTFP,BAZ1B
MYPT1P,RPA34
JIP4P,FXR2
SPTB2,EHMT2P
ZN638P,SP16H
TPR,NSD3
PR40AP,PSIP1P
NFMP,RBM39P
ELYS,NSD2
RRP12,SNUT1
TRIPC,SMC1A
TOP2BP,PRP4BP
DNLI3P,HNRPR
AKNAP,SRRM1
Z280C,HNRPK
NSD3,SRRM1
PHRF1P,LARP1
NACAM,EIF3A
SYNE2P,PLEC
RRBP1,ARVCP
PRC2CP,TRIPC
SF3B3,RBM25
PPIGP,SAMD1
TPR,MDC1
NAT10,MATR3
KI67,FLNC
CUX1,RBM25
SRRM1,DDX21
SRRM1P,SNUT1
BRD1P,TR150
MAP1B,DIDO1P
PPIGP,AKAP8P
H15P,HIRP3P
CAF1A,NU107P
EZRI,LARP7P
ERLN1,SRSF6P
GTF2IP,PRP4BP
MYH9,ZN638P
TCOF,ARH40P
DYN2P,CHD1
E41L5,ECHAP
BAZ1AP,TOP2B
PSIP1P,UTP18P
DDX5,HNRPR
NFH,UBP2L
ZN638P,NUMA1
RENT1,SMRC2
RL1D1,RBM39P
SRRM1P,RAI1P
CCAR2,DDX46P
DNLI3P,RFC1P
BCLF1P,UBP2L
TOP1,HNRL2P
MAP1B,BPTFP
HS90AP,SRRM1
MYH10,SPTN1
MCM5,PRP4BP
GRP78,SAFB1
SAFB1,NSD2
H13P,RAI1P
NFM,DHX57P
H12P,SRRT
PDIA4,PRP4BP
MCM3,EHMT1
H12P,BCLF1P
MBP,NEST
SETLP,FSCN1
NNTM,RBBP6P
SAFB1,BAZ1A
GNL3P,TR150
TOP2BP,PRC2CP
GOGA3P,TPR
RL1D1,SRRM1
PRP4BP,RRP5
MTAP2,ASPMP
BAZ1A,ASH1LP
TRM6P,TR150
PPIGP,UGGG1P
MAP2,EXOSX
SND1,VWA8P
HS71A,EIF3A
TCOF,CENPFP
RPA34,UBP36P
CAND1P,UTP20P
CBX3P,RBM34
HNRDL,PRP4BP
HP1B3,MSH6P
DNJC9,HS71A
SNUT1P,ZN638P
SF3A3,MDR1
SMC1A,EP400P
CHD1,PRP8
H12P,TCOF
HNRPDP,PR40AP
MAK16,HNRPU
TRM6P,EIF3A
NAT10,ASH1LP
PDIA4,ZN638P
SRRT,FLNC
GOGA3P,PLEC
CCAR2,BPTFP
GTF2I,ASPMP
H15,ELYS
EXOSX,ASPMP
PB1,EXOSX
SRRM1,KMT2A
GNL3P,SPTN4
AKAP8P,ASPMP
NSD2P,SYNE2P
RSF1P,SPTN1
HIRP3P,PRC2CP
RS3A,TOP2A
HNRPC,RBBP6P
LAP2BP,UTP20P
PPIGP,DYHC1P
RSF1,MGAP
DDX21P,UBR4P
H2AW,ZN292P
SAFB1P,SYNE2P
RL7,SMHD1
RL24,EIF3A
HNRPC,SRRM2
HMGB1,ZN638P
H2AW,ASPMP
TADBP,KMT2A
RS11,ARH40P
PB1,MYH10
RS4X,SRRM2
SPB1P,KI67
RL7L,KMT2A
SMRC2P,TITINP
GNL3P,TITINP
TPM4,TITINP
NDUV2,PLEC
TITINP,KHDR1
TITINP,LAP2A
TITINP,DDX17
ZN292P,HMGA1
SYNE2P,ROA0
SYNE2P,PHF6
KMT2AP,RL7L
TITINP,PYR1P
KI67P,RL14
HUWE1P,RNPS1
SYNE2P,DDX5
SRRM2P,RL7L
AHNK,HIRP3P
SYNE2P,CAPR1
MYH9,RL14
MDN1P,EWS
MAP1B,HNRH3
PLEC,DDX3X
SK2L2,RS2
SNUT1P,TCP4
ATRXP,DNJA2P
TOP1,HMGA1
PRKDC,PPIGP
KMT2A,LAR4BP
CK5P2P,H2AW
SNUT1P,SRSF3
DDX46P,GAR1
TOP2BP,SRSF6P
AT1A3,GAR1
PLEC,UBP2L
GNL3P,RL4
CK5P2P,U2AF2
NUCL,CBX3P
RBBP6P,RSF1
MDC1P,ZN512
DDX52P,SRSF3
UBR4P,NSD3
SMRC2P,SRSF6P
HP1B3P,SRSF3
BPTFP,MCM2
TRIPC,HNRPQ
PRP8,E41L5
ZN462,SNUT1
ELYS,DDX17
TOP2BP,SNW1
ASH1LP,HYOU1
RBBP6P,XRCC6
RFC1P,METK2
TR150,ANXA2P
ELYSP,RBM25
MAP1AP,SMCA5
UBR4P,MYH10
SMC1AP,RSF1
RRBP1,SRC8
ZN292P,UBP2L
BAZ1A,HNRPQ
HS90BP,ROA0
DDX27,SRSF6P
KMT2AP,RBBP6P
BAZ1BP,NUCL
JIP4P,HNRPR
UTP20P,MSH6P
KMT2A,MYH9
PPIGP,PHIPP
NFMP,U2AF2
RRBP1,MCM5
H4,NUCKS
ZN292P,BAZ1B
RBBP6P,GTF2I
SNW1,MAK16
TOP2BP,SAFB1
PRP8,NSD2
SMRC2,NUCL
ANXA2P,SPB1P
SF3B1,SNUT1
SAFB1P,ZN512
TOP2BP,SK2L2
DDX27,RBM39P
SAFB1,HNRPR
DHX15P,HIRP3P
NFM,FXR2
BMS1P,MAK16
ZN532P,PRP4BP
KTN1,BRD1P
MDN1P,HUWE1P
MAP1B,MYH9
H15P,RSF1
UBP36P,SRRM1
UBP36P,CAF1A
BRD1P,SRRM1
NAT10,TR150
NFH,LONM
PSIP1P,RPA34
MCM6,SNUT1
SAFB1P,ZCCHV
GNAS1,DDX46P
ZCCHV,SAFB1
CHD1,BCLF1P
HS90B,PPIGP
TCOF,BAZ1A
LMNB2,DDX3X
RAI1P,BRD1P
ANK2,BCLF1P
PRP4BP,ACLY
H12P,HNRPQ
H15P,CKAP2P
ANK2,CUX1
LYRIC,BRD3
EXOSX,UBP36P
SRRM1P,RFC1P
ABCF1,UBP2L
DDX27,DDX46P
H12,LAR4BP
UBF1,PRP4BP
RS8,SNW1
MYPT1,NSD2
MIC60,PRP4BP
SYNP2,BAZ1B
PARP1,DHX57P
PRP4BP,EIF3A
PSIP1P,DDX17
PHIPP,CBX2
NUCKS,HNRH3
TR150,NSD2
RFC1P,PHRF1P
H13P,PR40AP
NSD3,U520
RBBP6P,NIPBL
H12,CHD1
ZN512,SAFB1
RRP44,BAZ1A
SNUT1P,SF3B1
H15,DDX46P
NSD2P,PRP8
TCPZ,SAFB1
MAK16P,SNW1
ACTN4,PHRF1P
ABCF1,ZMYM4P
BAZ1BP,ZN292P
MGAP,MDN1P
MAGD2P,UBP36P
NSD3,ZN292P
NDUS1,DHX57P
CALR,PPIGP
RENT1,ELYS
RSF1,NAT10
NAT10,PYR1P
NSD2,KI67
HIRP3P,MSH6P
HNRDL,DDX46P
LMNB2,TOP2A
CK5P2P,PLEC
TDIF2P,RRP5
UBF1,MYH9
RSF1P,SMC1A
CAF1A,SPTN1
H2A1B,H2AW
SPB1P,RBP56
RL14,HNRPQ
ABCF1,MAP1B
NFH,MGAP
SNUT1P,SPTN1
H14P,ZN638P
SRBD1,CENPFP
IF2B1,RRP5
RL7L,RBM25
DDX52P,PYR1P
PSIP1P,TRIPC
H14P,ATRXP
NUCLP,PRC2CP
GLYR1,SPTB2
DKC1,DIDO1P
HP1B3P,SPTN4
SRC8,SPTN4
SRSF6P,TOP2B
HMGB1,MYPT1
SRSF3,SNUT1
LARP7P,PRC2CP
WDR3,MAP1AP
RBM39P,UTP20P
DDX21P,PRKDC
HDAC2P,PRC2CP
NPMP,MYH10
GNL3P,PRKDC
DNJB1P,SRRM2
BMS1P,ASPMP
PB1,MYH9
TCP4,SMC1A
HMGB1,ASH1LP
HMGA1P,ZN292P
QCR2,SRSF1
MAP2,LARP1
TITINP,ROA1
TITINP,SAMD1
TITINP,DDX5
UTP20P,SRSF3
SPTB2,RS2
U520,RS2
MYH10,RS2
TRIPC,SRSF3
AHNK,MECP2P
AHNK,EIF3LP
CKAP5P,RL13A
SYNE2P,MCM3
JIP4P,RS2
SYNE2P,HNRPU
AHNKP,SSRP1
CKAP5P,RCC1
ZN462,RBMX
DYHC1P,TOP1
PLEC,LMNB2
UTP20P,PHIPP
BPTFP,KHDR1
PRKDC,TOP1
MAP1AP,HNRDL
MAP1B,H2AW
KMT2A,HS71A
MTAP2,ROA0
RPB2,PB1
ASPMP,HNRPR
KMT2AP,RRP1B
UBP36P,GAR1
ZN292P,RBM39P
FLNA,LA
PRP8,RSF1
PLEC,DDX46P
NSD2P,SETLP
RFC1P,THOC4
NIPBL,HNRPR
KI67,DAXXP
MDC1P,U2AF2
PRC2CP,DDX3X
ZN462,DDX52P
ANK2,PB1
SPTB2,LYRIC
NIPBL,NUCL
KI67,HNRPU
AHNK,GOGA3P
PRP4BP,THOC4
UTP20P,HNRPM
RBBP6P,U2AF2
SRRM2P,DAXXP
SRC8,RS2
ELYS,ATD3B
MAP1B,NUCL
MATR3,RL7
KI67P,RAI1P
RBBP6P,TCPG
PRC2CP,ILF3
ELYS,NUCL
ARVCP,RNPS1
KI67,BRD1P
RSF1P,RS2
CLH1,GNL3
TP53BP,DDX3X
MDC1P,SSRP1
U520,MCM5
NUCLP,SRSF1
HEAT1P,RRP1B
BRD1P,PHIPP
MAP2,RS2
NFMP,SRSF6P
ZN638P,TDIF2P
ZMYM4P,RBP56
KMT2AP,TOP2A
MAP1AP,E41L3
SMCA5,PAIRB
DDX21P,RNPS1
KMT2AP,UGGG1P
GOGA3P,RBP56
SRRM2P,SYNP2
DYN1,SRSF6P
SPTN4,MYPT1
DNLI3P,PAIRB
MGAPP,SMC1A
ASPMP,NSD3
BAZ1A,FXR2
MAP1AP,SMRC2
ZN292P,SMC1A
ZN638P,SRRM1
NFH,U2AF2
SRRT,PAIRB
MDC1P,RAI1P
TR150,LAP2B
RFC1P,ATPA
NSD2,ITF2
CLH1,HNRPU
UTP20P,DHX57P
U520,LARP1
U2AF2,SRSF1
DYHC1P,SPTN1
NFMP,SF3A3
HIRP3P,ROA0
AKNAP,SNUT1
PRC2CP,TOP2B
H13P,PHIPP
SPTB2,DHX57P
SP16H,HNRPQ
MIC60,H4
SPTN4,BAZ1A
ELYS,DHX57P
NUCL,LAP2B
TCOFP,PR40AP
BAZ1BP,TR150
KMT2AP,SPTN4
HNRPU,SAMD1
DSRAD,SNUT1
EIF3A,SRRM1
NSD2P,SRRM1
UHRF1,RBM39P
RSF1P,RBMX
SRRM1P,TOP1
H15,HNRDL
DDX27,HIRP3P
MATR3,RBP56
KMT2AP,UTP20P
CHD1,PABP1
SRRT,HNRPR
PGK1,ROA0
PARP1,ECHAP
RFC1P,CHD1
PRC2CP,ELYS
ZN638P,BAZ1A
UBF1,H15
CAND1P,RAI1P
RSF1P,RMXL1
H12P,RUVB2
LARP1P,SRRM1
JIP4P,LARP1
RFC1P,CAF1A
TDIF2P,HNRPR
HNRPU,LAP2A
SMRC2,DDX46P
EHMT2P,DDX46P
NSD3,SMC1A
U2AF2,PAIRB
SRSF6P,ROA0
FLNC,ATRXP
SPTN1,ELYS
TOP1P,ZN512
RBM25,SNUT1
SRRM1,MCM10P
PRC2CP,NIPBL
TKTP,LARP7P
SAFB1P,SRRM1
HNRPQ,FXR1
PARP1,GNAS1
PARP1,SK2L2
HS71A,DDX3X
MBP,DDX46P
BAZ1BP,ZMYM4P
HIRP3P,LYRIC
SK2L2,LARP1
SNUT1P,RBM25
MTAP2,MYH9
MAP1AP,BPTFP
SRRM2,MGAP
SRRT,MBP
TOP2AP,RBBP6P
SMCA5P,SMC1A
HP1B3,DDX3X
NFH,SMC1A
PSIP1P,ATD3B
SMRC2,ARH40P
NFMP,RFC1P
DNLI3P,DHX9
H15P,UBF1
ELYSP,PRC2CP
CKAP5P,FLNB
TOP2AP,TRIPC
H15P,SNUT1
HS90BP,PRP4BP
PDIA4,SAFB1
DHX57P,ZN638P
MIC60,LARP1
MAGD2P,BCLF1P
NSD3,ELYS
LAP2A,LARP1
BAZ1AP,SPTN4
CALR,HNRPR
NACAM,ASPMP
CBX2,CHD1
EXOSX,BAZ1A
DDX21,EIF3A
ECHAP,EIF3A
SF3A3,NFM
LA,RAI1P
BAZ1BP,UTP20P
HS90B,NSD2
SNUT1,ARH40P
NFIB,SNUT1
RBM39P,DDX46P
SRC8,LARP1
TDIF2P,BAZ1A
TR150,MYH10
PRP4BP,NUMA1
LAP2BP,TR150
RS3A,HIRP3P
PHIPP,DHX15P
BRD3,BAZ1A
BRD1P,PRP8
TR150,U520
HNRC1,DDX3X
RSF1,LARP1
DDX52P,DHX57P
PB1,U2AF2
ZN512,NSD2
NFH,ZN462
H14,ZMYM4P
MYPT1P,SPTN4
SRBD1,ATRXP
UGGG1P,KMT2A
BMS1P,GNAS1
TOP2A,KMT2A
PHF6,CAF1A
SF3A3,EIF3A
RS3A,TDIF2P
RBM4BP,DDX46P
DKC1,BAZ1B
TCOF,HUWE1P
ANK2,ZN462
RRP5,MDN1P
PR40AP,MGAP
H15,TRIPC
DNJA2P,NSD2
RS2,RBM39P
LARP7P,TRIPC
PARP1,ASPMP
DNLI3P,ASPMP
RRP1B,NIPBL
KHDR1,PHRF1P
UHRF1,ASH1LP
HMGA1P,RS8
UHRF1,BPTFP
RBM39P,U520
DNJB1P,EIF3A
RSF1P,ZN638P
SRSF6P,NU160
IF2B,ATRXP
H13,NIPBL
NFM,KMT2A
U2AF2,MDC1
NUCL,EP400P
SETLP,NSD2
TKTP,SRRM2
H1XP,PRP4BP
DNJA2P,MYH10
RSF1P,PRP8
ITB1,KMT2A
PDIA4,ASPMP
DDX52P,KI67
CBX1P,PRP4BP
PB1,RENT1
PSIP1P,ASH1LP
BMS1P,PRP8
RRP1B,HUWE1P
NUCKS,NSD3
H2B1M,PPIGP
H15,HUWE1P
ROA1,NIPBL
RL4,PRP4BP
SPB1P,PHRF1P
DNJC9,DIDO1P
RNPS1,UTP20P
RL26,GOGA3P
PPIA,SRRM2P
POGZP,TITINP
RS3A,SYNE2P
SMCA5P,TITINP
HSP7C,TITINP
PTBP1,TITINP
NUCKSP,TITINP
GNAO,RS4X
CALR,PAIRB
RSF1P,SYN1
PCBP1,SRRM2
TITINP,GBB2
TITINP,SUZ12P
TITINP,DAXXP
TITINP,AT2A2
MYH9,RL4
SYNE2P,PSIP1P
UBR4P,H4
MAP1B,GAR1
UBR4P,RSF1
KMT2AP,RS8
ATRXP,MAK16
MAP1BP,RNPS1
AT1A3,RL4
DIDO1P,RNPS1
SYNE2P,MYPT1
DNLI3P,RS2
MGAP,MECP2P
UTP20P,U2AF2
PR40AP,SRSF3
RRP5P,YBOX1
KMT2AP,LAP2A
SAFB1P,SRSF3
UBR4P,RAI1P
PPIGP,FAS
BPTFP,LARP7P
BPTFP,LYRIC
CENPFP,FXR2
ELYS,RSF1
MAP1AP,DDX5
PR40AP,SPB1P
ATRXP,WDR3
BPTFP,EWS
ATRXP,SRC8
NUMA1P,RSF1
TRIPC,U2AF2
EP400P,SNUT1
SRRM2,CAPR1
ELYS,MAGD2P
ASH1LP,SNUT1
HS90B,PB1
EP400P,CHD1
HIRP3P,RS11
PRC2CP,ABCF1
BRD3,H1X
DYHC1P,EIF3A
RBBP6P,SNW1
PARP1,ROA0
MGAP,BCLF1P
MAP1AP,HNRL1
SYNE2P,NUMA1
ZN638P,HNRPQ
PARP1,FBRL
AKAP8P,SRSF9
RBBP6P,TOP1
BAZ1A,GNL3
TOP1,GAR1
PHRF1P,PERI
PRC2CP,BRD1P
BAZ1B,ATPA
GNL3P,SPB1P
TCOF,HIRP3P
MAP1AP,UBP36P
UBR4P,MDC1
MSH6P,IF2B1
NUCLP,RNPS1
ITB1,SRSF6P
MSH6P,IF2B2
VWA8P,RBM25
RRP5P,RBM25
GOGA3P,AKAP8P
DHX9,RBP56
ZMYM4P,DDX17
KMT2AP,RRP5
RBBP6P,ABCF1
MYH10,RAI1P
KMT2AP,TP53BP
PHIPP,RL18
U5S1,RL1D1
BAZ1AP,UHRF1
BRD3,H2AW
UBR4P,NIPBL
ASPMP,VWA8P
LONM,RBM39P
RFC1P,ANM5P
SSRP1,PAIRB
UBP36P,EWS
HUWE1P,SPTN4
MDC1P,SMC1A
ZN462,GOGA3P
TR150,K2C1
JIP4P,SNUT1
TRIPC,DSRAD
ATPA,HNRH3
EP400P,ZN638P
UBR4P,KI67
ANK2,SNW1
MDR1,HNRPU
ZN462,TOP2B
RRBP1,NFM
PRC2CP,CK5P2P
UBP10,RBM39P
MAP1B,PHRF1P
LARP1P,Z280C
RRP12,SRRT
TOP1,HNRPF
SYN1,RSF1
U520,BAZ1B
GNAS1,PPIGP
NSD2,HYOU1
HS90BP,RBM39P
PRP4BP,HNRL2P
SYNE2P,UBR4P
H12P,GFAP
MGAP,F208BP
TCOF,CAND1P
RL12,SRSF6P
KI67P,ZN292P
XRCC1,RBM39P
NFH,SRRT
HP1B3P,RSF1
RFC1P,PRP4BP
SRRM1P,UBP10
DIDO1P,TRIPC
KTN1,EHMT2P
RFC1P,MYPT1
PARP1,SAFB1
PRP4BP,SAFB1
RBBP6P,PHRF1P
ZN638P,RRP5
FXR1,RBP56
MYH10,ZN638P
RAI1P,DDX46P
ASH1LP,CENPFP
SAFB1P,PRP4BP
BRD3,MCM3
UBF1,SRRM1
RBM34,RPA34
ZN292P,KI67
KTN1,TOP2B
DHX15P,TR150
HNRPU,HYOU1
H14,ECHAP
GCN1,KI67
Z280C,SRRM1
GOGA3P,MYH10
H15,ANK2
PHIPP,SAMD1
BAZ1BP,U520
H15P,SAFB1
TRIPC,MGAP
H12P,SAFB1
HNRPQ,DDX46P
HS90AP,SF3B3
CUX1,TOP2B
UBF1,EHMT1
2AAA,PRP4BP
ATPA,TR150
RBM34,RRP1B
TCOFP,TPR
FLNB,PLEC
DDX21,NSD3
LARP7P,E41L3
RFC1P,PYR1P
NUCL,EIF3A
PB1,HNRDL
DNLI3P,NUMA1
SSRP1,TCOF
H2AW,DHX15P
NAT10,PRP8
LONM,DIDO1P
PRP4BP,SPTN4
H12P,GOGA3P
SPB1P,GNL3
H15P,TOP2B
DNLI3P,NIPBL
RL18,RBM39P
SK2L2,ASH1LP
PSIP1P,ARH40P
SRBD1,PRC2CP
HP1B3,PHRF1P
RL14,EWS
UBF1,PRP8
TOP1P,RRP5
PSIP1P,TOP2B
SMCA5,KI67
PARP1,EP400P
RSF1,GOGA3P
TCOF,DYHC1P
GNL3P,RBBP6P
PPIGP,SPTN4
BRD3,ZN462
SPB1P,Z280C
CHD1,KI67
H15,DIDO1P
SMCA5,KMT2A
SRSF6P,DHX57P
RFC1P,DYHC1P
RL4,GNL3
ZN512,SPTN1
H14,MAP1AP
RL24,SSRP1
RNPS1,POGZ
BAZ1BP,SYNE2P
RL18,BCLF1P
LYRIC,MGAP
GRP78,ASPMP
RL1D1,PRC2CP
CBX3P,UBP2L
SPB1P,DSRAD
RL1D1,MGAP
PHF6,ATRXP
RS8,MAP1AP
IF2B,PLEC
EZRI,DYHC1P
RL4,LARP1
HNRL2P,SYNE2P
RSF1P,UBR4P
CSRP1,DIDO1P
H2A1B,BAZ1A
H1XP,ZN292P
H2A1B,ELYS
DNJC9,PLEC
COF2,ASPMP
HMGA1P,SRRM2
KCRB,TITINP
BOP1,RNPS1
BRD3,PP1G
CHD1,RUVB2
VIMEP,SNUT1
ERLN2,SRRM2
TITINP,DKC1
TITINP,H12
TITINP,H15
TITINP,H14
TITINP,HNRL1
AHNK,MAK16
KI67P,RL7L
KMT2AP,ROA0
PRKDC,PAIRB
ASH1LP,ROA0
DIDO1P,SRSF1
FLNC,RNPS1
KMT2AP,RSF1
MYPT1,H2B1D
MYPT1,H2B1M
ZN532P,SRSF3
UTP20P,H2AW
MAP1AP,PAIRB
PR40AP,RL26
TRIPC,ROA0
MYH10,ROA0
SAFB1P,RL26
MGAPP,RSF1
MYH9,FBRL
ASPMP,EZRI
CENPFP,GNL3
SRRM2P,RSF1
MDN1P,GNAS1
ASPMP,HSP7C
CENPFP,DDX5
NIPBLP,PSIP1P
MAP1BP,U2AF2
E41L3,GAR1
BPTFP,SRP68P
CENPFP,DDX3X
SPTN1,SNW1
KMT2AP,SAFB1
BCLF1P,GAR1
ZN462,RBP56
TRIPC,RSF1
BAZ1AP,UBA1
ASPMP,DYN1
ASH1LP,DAXXP
BAZ1AP,RMXL1
SUZ12P,RL18
CKAP5P,RBM39P
ZN462,EWS
KI67,HNRL1
SPTB2,H14
KMT2A,MAP1SP
BCLF1P,THOC4
SPTB2,DDX3X
CK5P2P,KPYM
KI67P,SAFB1
MAP1BP,SSRP1
HNRPU,RL7
BPTFP,NFM
TOP2BP,TRM6P
HUWE1P,NSD2
MGAP,CAF1A
BPTFP,RAI1P
RRBP1,LAP2B
MYH10,ANM5P
PRP8,PPIGP
SRRM2P,SAFB1
SPTN1,HNRPU
RL1D1,SRSF3
SMC1AP,TADBP
U520,Z280C
TOP2AP,RBM39P
DDX21,EXOS6
RRP5,EWS
DYHC1P,PHRF1P
PHRF1P,RBP56
MGAP,LARP1
NACAM,PPIGP
TOP2AP,UTP18P
TCOF,GLYR1
SRRM2,BRD1P
SYNE2P,ZN292P
RBBP6P,LAR4BP
PYR1P,TR150
RRBP1,LMNB2
KTN1,DDX5
UBF1,ENPL
BRD3,PP1A
ZN638P,ZCCHV
RRP5,MCM10P
RBM39P,SRSF1
BPTFP,NSD3
ARH40P,E41L5
MGAPP,TCOF
RRBP1,LAP2A
TAUHP,FEN1
KMT2AP,TRIPC
BAZ1A,DDX27
LMNAP,SRSF6P
EF2P,SRSF1
NUMA1P,UBP36P
NUMA1P,RFC1P
TRIPC,SYNP2
UTP20P,ZMYM4P
BRD3,RING1
MAP1B,EIF3A
ASPMP,SMHD1
TOP2A,EXOSX
NUMA1P,SMC1A
KI67P,VWA8P
ACTN1,RCC2
EXOSX,RBM39P
TCPA,SRSF6P
UBF1,U2AF2
ECHAP,U2AF2
SPTN1,BAZ1A
ASH1LP,RRP5
PR40AP,FXR1
BAZ1A,AT1A3
TRIPC,ZN532
PDIA4,RBM34
PR40AP,H13
BCLF1P,HNRPR
ZN532,CHD1
PR40AP,FXR2
RAI1P,AKAP8P
PRP8,PHRF1P
SRRM1,ATD3B
HEAT1,BAZ1A
EF2P,SRSF6P
PRC2CP,NUMA1
DSRAD,SRRM1
H12,NFIB
ANK2,ATD3B
TAU,RFTN1
MYPT1P,UHRF1
SMC1AP,PR40AP
PRP4BP,DDX21
RRBP1,ACLY
NACAMP,TOP2B
KI67P,SPTN4
CHD1,SSRP1
RNPS1,RL7
BAZ1BP,SMC1A
LYRIC,RL1D1
RBBP6P,TOP2A
SUZ12P,HNRPR
MAP1B,NUMA1
RBM25,DDX17
NDUS1,HNRPR
RSF1,HNRDL
RAD21P,HIRP3P
RRP5,PHRF1P
AKAP8P,HNRPR
H13,DDX5
BPTFP,PRC2CP
PSIP1P,RTCB
UBF1,DAXXP
GNAS1,MYPT1
NIPBL,MAP1AP
RFTN1,RBP56
HS90A,PPIGP
CUX1,PRP4BP
H13,AKAP8P
MAGD2P,HSP7C
PERI,HNRPR
UTP20P,MGAP
SRCP,LMNB1
EIF3A,GDE
SSRP1,DHX15P
MATR3,TR150
NEB2,BCLF1P
RFC1P,RRP12
AT1A3,RFC1P
HIRP3P,HNRPR
H13P,TDIF2P
H14,BRD3
H13P,RRP1B
Z280C,EXOSX
DDX27,PR40AP
LMNB2,PPIGP
H13,MCM3
SRRM1P,UBP36P
RFC1P,NSD3
HS90BP,SAFB1
UGDH,HNRPR
H14,MCM3
NUMA1P,UTP20P
TCOF,MYH9
H15,DDX27
TCOF,MYH10
MDC1,NIPBL
EZRI,DDX27
DDX27,UBP2L
HYOU1,EIF3A
TDIF2P,SMCA5
RAD21P,ACTN1
MYH9,MAP1AP
GTF2I,NSD3
RAD21P,ACTN4
HP1B3P,SNUT1
MAGD2P,SRRM1
MYH9,ASH1LP
DDX52P,SAFB1
KI67P,UBR4P
SSRP1,RENT1
SRP68P,PRP4BP
H14,DNLI3P
PDIA3,HNRPU
BAZ1BP,SPTN1
VWA8P,KI67
TOP2BP,UTP20P
DDX21,MSH6P
TOP2A,NIPBL
PHIPP,AKAP8P
RFC1P,NUMA1
RL1D1,SND1
MSH6P,SPTN4
BAZ1B,MAP1AP
SMCA5P,TRIPC
RRBP1,FLNC
PR40AP,CK5P2P
SRRM1P,RBBP6P
SSRP1,GOGA3P
SP16H,PRP8
LARP1P,SPTN1
BMS1P,TR150
H14,BAZ1B
RAI1P,PRP8
PARP1,SPTN1
RBM25,MDC1
MDC1P,UBR4P
SRSF6P,HNRL1
NACAMP,UBR4P
H12,NSD3
LARP7P,TCOF
RS7,UBP36P
TR150,SPTN4
BRD3,ZN638P
U2AF2,RRP12
TADBP,ADNP
H12,BAZ1A
MECP2P,EIF3A
HMGA1P,ROA0
ENPL,PARP1
HNRPC,SRRM1P
RALYP,SRRM1
TADBP,SMC1A
ZN532,KMT2A
LARP7P,RBBP6P
IF2B1,RBBP6P
CHD1,MAP1AP
LMNB2,TRIPC
UBF1,SPTN1
SRBD1,KI67
SRRT,PRC2CP
ZCCHV,MGAP
CRYAB,RBP56
HS71A,DIDO1P
BRD3,FLNA
WDR3,MYH10
DDX51P,ATRXP
MTAP2,SYNE2P
HNRPD,EIF3A
GRP75,SRRM2
RPA34,MDC1
LARP1,PLEC
DNJB1P,GOGA3P
SRSF6P,UGGG1P
H1XP,RAI1P
RBM39P,MAP1B
ADNP,MDN1P
GNL3P,UTP20P
BMS1P,NUMA1
ZN532P,SYNE2P
RL18,PRP4BP
RBM25,DYHC1P
SMC1AP,SYNE2P
NUCL,KMT2A
EHMT2P,SYNE2P
RL18,LARP1
TCP4,PPIGP
RL7,GOGA3P
MECP2P,BPTFP
PB1,JIP4P
SNW1,ASPMP
RNPS1,TRIPC
IF2B,KMT2A
DNJA2P,ASH1LP
H14,PLEC
NFMP,SYNE2P
SRSF6P,NIPBL
H2B1D,DDX46P
RL7,MDC1
LARP7P,UBR4P
MECP2P,HUWE1P
HMGB1,MYH9
VDAC1,SRRM2
H12,MDN1P
HSP7C,SYNE2P
ZN512,SYNE2P
RL7L,KI67
HMGB1,PRC2CP
NACAMP,TITINP
H2B1M,MGAP
DYN2P,TITINP
LAP2AP,TITINP
TBA8,TITINP
ROA3,TITINP
CKAP2P,NDUV1
CN37,HNRPQ
CH60,DDX46P
PTBP1,DDX46P
RL12,SYNE2P
TITINP,MAK16
TITINP,HNRH1
TITINP,TCPA
AHNKP,RL4
KMT2AP,SPB1P
BPTFP,RS11
ATRXP,RS11
PRKDC,RNPS1
MDC1P,SRSF3
SPTN1,GAR1
KI67P,SETLP
MGAPP,ROA0
MGAPP,RBMX
SF3B1,RS2
TCOF,CBX3P
SPTN1,ROA0
MGAPP,ROA3
TOP2B,PB1
CENPFP,RS8
MDN1P,SSRP1
KI67P,RBM34
RPB2,RS2
HUWE1P,MAGD2P
NIPBL,PAIRB
BPTFP,UGDH
RRP12,GAR1
DYHC1P,DDX27
CENPFP,HP1B3
UBR4P,BCLF1P
RFC1P,SPB1P
MCM10P,SRSF3
ATRXP,EF2
NFMP,RS10
MDR1,RL7
RRP5,FEN1
ELYSP,RL1D1
BPTFP,DDX3X
SRRM2P,SRP68P
KTN1,RBMX
ATRXP,FXR1
KMT2AP,PRP4BP
PRC2CP,Z280C
E41L3,HNRC1
NIPBLP,RRP1B
UTP20P,PPIGP
ZN532,HNRPD
BAZ1BP,RS8
TPR,PPIGP
KTN1,RMXL1
LAP2A,PB1
SRBD1,MAK16
NIPBL,ANK2
ANK2,RCC1
DHX15P,SRSF1
U5S1,ROA0
ASH1LP,TR150
H13,H1X
ZN512,RL18
RBBP6P,DDX5
LONM,RBMX
U520,PPIGP
RRBP1,AINX
MAP1AP,NAT10
SPTN1,NFM
MAP1AP,MAP1SP
MAP1B,CUX1
ZN292P,LARP1
NIPBLP,RFC1P
DIDO1P,SYNPO
SNUT1P,SRSF6P
PRP8,PARP1
BAZ1B,DREB
EHMT2P,RBM39P
NACAMP,SAFB1
NSD3,HNRPR
SPTB2,SK2L2
ZN462,UBP36P
RBBP6P,SYTC
DIDO1P,PRP4BP
MDC1,ARVCP
ADNP,RBM39P
MYH10,ARVCP
UTP20P,EIF3A
KMT2AP,ZN638P
SRRM1,LAP2B
ANK2,RBM34
RRP5P,PR40AP
SRRM2P,RRBP1
MYH10,DDX46P
RRP5P,PRP4BP
CHD1,HDAC2P
PRP8,SF3B1
UBP36P,HNRPR
ELYSP,RRP12
SMC1AP,SSRP1
NAT10,DDX5
RBBP6P,LARP1
MAP1B,ARH40P
MGAPP,RRP5
SRRM1P,ZN512
UBF1,RSF1
LARP1,AKAP8P
UBP36P,NUCL
CBX2,SRSF6P
MGAPP,ZN638P
SRRM1,PDLI5
MBP,EWS
CKAP5P,MSH6P
BAZ1BP,PRP4BP
BAZ1B,DNLI3P
EXOSX,MAGD2P
NFM,HNRPR
SRRM2P,VWA8P
H2AW,RCC1
GOGA3P,SP16H
EHMT2P,MATR3
PRKDC,PRC2CP
CKAP5P,NU160
BCLF1P,EWS
H12,BMS1P
KMT2AP,PRC2CP
SMC1AP,SRRM1
NFH,RRP1B
TOP1,LAP2B
RL7,RL18
ANK2,HSP7C
SP16H,DHX15P
PR40AP,MCM5
MGAPP,PRP8
UBF1,RBP56
SP16H,RBM25
NUP98,BAZ1B
Z280C,MAGD2P
BPTFP,ZN462
BAZ1B,DSRAD
SUZ12P,TOP1
SF3B1,LARP1
NIPBLP,SPTB2
HP1B3P,U2AF2
XPO2,RBM25
H14P,UTP18P
SMC1AP,UBP36P
CAF1A,MCM10P
RFC1P,BRD1P
BAZ1A,AKNAP
RPB2,LARP1
CAPR1,FXR2
GNL3P,PSIP1P
BRD1P,MYPT1
CK5P2P,RRP5
ASH1LP,BPTFP
PSIP1P,GNL3
UBF1,DDX27
TR150,SRBD1
ZN462,GCN1
EHMT1,DHX57P
CKAP5P,DIDO1P
MAP1AP,EP400P
HSP7C,TDIF2P
SPTB2,NIPBL
BMS1P,G3BP2
F208BP,PRC2CP
SMC1A,BAZ1B
TOP2B,MYH9
TOP1P,SUZ12P
H15,HNRL2P
ZN638P,ATRXP
SNUT1,DNLI3P
BAZ1AP,ZN638P
IF2B,PPIGP
ARH40P,MYH9
DIDO1P,PRC2CP
PRP8,MGAP
HP1B3P,SUZ12P
CKAP2P,BCLF1P
NUMA1P,PRC2CP
LYRIC,MCM3
PR40AP,NSD2
H1XP,RNPS1
ZN532,CK5P2P
KTN1,ZN638P
H14P,BCLF1P
HEAT1,EP400P
LMNAP,RAI1P
H2AW,HP1B3
RRP5,NIPBL
ZN292P,PRKDC
TOP2BP,ZN462
MYH9,BPTFP
PSIP1P,HNRPU
H13P,MYPT1
POGZ,DIDO1P
VWA8P,BPTFP
RRP5,MGAP
MATR3,EIF3A
TOP1,HYOU1
MYH9,CENPFP
NSD2,DIDO1P
CLH1,NIPBL
SRRM1P,TOP2A
CHAP1,DHX57P
H31,SYNP2
RRP12,DIDO1P
H14P,UBP2L
RRP12,ELYS
RBM25,ZMYM4P
H12P,SMCA5
MECP2P,GANAB
HS90A,AKNAP
TOP2A,MGAP
LAP2BP,SRRM1
UBF1,BAZ1A
H33,SYNP2
SSRP1,BAZ1B
PDIA4,EIF3A
CENPFP,SYNE2P
RL1D1,SMCA5
ZN462,MDN1P
LMNA,BAZ1A
H14,GOGA3P
SP16H,SPTN4
EWS,NEST
UBF1,VWA8P
H15P,ZMYM4P
H2AW,TR150
NFMP,SPTN1
RFC1P,EP400P
NFH,PRC2CP
UHRF1,DIDO1P
SP16H,ASH1LP
RSF1,NU160
EHMT1,KMT2A
SPB1P,SRP68P
NAT10,EP400P
SNUT1P,ZN462
SAFB1P,PRC2CP
APEX1,PRP4BP
2AAA,CK5P2P
HNRC1,TR150
RL1D1,PHRF1P
RS3A,SAFB1
HNRC1,DDX46P
UBF1,ZN292P
GNL3P,ZN638P
K2C1,MDC1
RL7L,CHD1
SNW1,MYH9
DNJC9,PR40AP
DDX52P,ELYS
WDR3,CKAP5P
ANXA2,EIF3A
H15,ATRXP
HS90A,BPTFP
SMRC2P,UBR4P
HP1B3P,SPTB2
H2A1B,UTP18P
H31,SRRM2
TOP1,GCN1
SPB1P,SRRM1
SP16H,DYHC1P
HIRP3P,SPTN4
RL1D1,ELYS
IF2B,SRRM2
BRD3,ASPMP
PSIP1P,SPTN4
DDX52P,ASH1LP
RNPS1,BAZ1A
H33,SRRM2
ATPB,SRRM2
RS10,NFM
HNRL1,PLEC
CKAP4,ASPMP
NUCKS,NU160
TOP1,KMT2A
SMCA5P,SYNE2P
BMS1P,GCN1
RBM34,PRC2CP
RL4,SRRT
APEX1,DIDO1P
UHRF1,MDN1P
PDIA4,PLEC
H1X,BAZ1A
RBM34,KI67
BRD3,MDN1P
SRSF3,DHX9
ROA3,MGAP
HMGA1,DYN2P
ANM5P,MDN1P
RBMX,MGAP
RL26,EIF3A
SPB1P,TRIPC
RL14,NUMA1
ROA0,MGAP
HNRC1,EP400P
HMGA1,NSD3
RS3A,KMT2A
RALY,PLEC
PB1,EP400P
H2B1D,PRP8
NUP98,TITINP
SPB1P,KMT2A
MAK16P,TITINP
TITINP,ANXA2
BAZ1B,CBX3P
TOP2B,AINX
SMCA5P,SRRM1
HEAT1,ATRXP
TBA8,RBP56
PHB,RSF1
RL4,TPM4
PPIA,PAIRB
ROAA,ASPMP
PDLI5,TITINP
TITINP,GRWD1P
TITINP,HNRPK
KMT2AP,RL4
KMT2AP,STMN1
MDN1P,NUCKS
U520,RL35A
CENPFP,CBX3P
MAP1BP,RL26
UTP20P,RL7
BAZ1AP,RS2
MYH10,SPB1P
NSD2P,RL26
PRC2CP,ROAA
UBR4P,XRCC1
HUWE1P,TCPG
ATRXP,RBMX
KMT2A,ATPA
CHD1,RL4
PLEC,FXR2
F208BP,RS5
NACAMP,RNPS1
SRRM2P,RING1
ASPMP,CBX2
PARP1,RS11
SRRM2P,RBM34
MYH9,RBMX
MDN1P,CUX1
RRBP1,RL7
ZN292P,RSF1
KMT2AP,SSRP1
RBBP6P,RBMX
SRRM1P,SRSF3
UBR4P,PR40AP
PPIGP,RL26
DDX27,RS2
SYNE2P,MSH6P
HNRPU,SRSF3
UTP20P,UTP18P
MDN1P,RENT1
ATRXP,RTCB
MGAP,HNRPQ
UHRF1,SRSF3
BAZ1AP,RBMX
TRIPC,TADBP
ATRXP,RCC2
NIPBL,DDX5
SYNE2P,BAZ1A
PR40AP,GAR1
ATRXP,ZN512
SRRT,TPM1
TOP2BP,ROA3
TPR,HNRPQ
ATRXP,LMNB1
MAP1B,LARP7P
BPTFP,ECHAP
HP1B3,FAS
MDC1P,TCPG
SSRP1,RL18
MTAP2,RL1D1
PRP4BP,EXOS6
BAZ1AP,RBM34
SYNP2,RNPS1
SAFB1P,THOC4
CENPFP,SAFB1
TOP2BP,U2AF2
ATRXP,HNRPM
Z280C,GAR1
TOP2A,LAP2B
PARP1,RNPS1
MYH10,DDX5
LONM,RNPS1
TDIF2P,NUCKS
TOP2BP,UTP18P
BPTFP,SP16H
TOP2BP,ZN512
ZN638P,AKAP8P
RFC1P,BMS1P
MAP1AP,GTF2I
FLNA,TR150
UTP20P,PARP1
CKAP5P,PPIGP
BAZ1B,HIRP3P
KI67P,SMC1A
RRP5P,SSRP1
PRC2CP,CA2D1
TOP2B,FXR1
TPR,MYPT1
MECP2P,RL18
GOGA3P,DDX5
TOP1P,RL7L
KMT2A,NEST
TOP1P,THOC4
UBF1,RBMX
SSRP1,MAK16
BAZ1B,ATD3B
NAT10,IDHP
ELYSP,PRP4BP
SRRM2P,SMC1A
DDX46P,HNRPK
SRRM2,DHX9
CKAP2P,FBRL
PRC2CP,NSD2
KTN1,HSP7C
RFC1P,GNL3
KMT2AP,SMHD1
SYTC,BMS1P
FLNA,MSH6P
BAZ1BP,UBF1
AT1A3,RBM39P
RRP5P,RAI1P
PRC2CP,ARH40P
H13P,SRSF6P
SRRM1P,U2AF2
KMT2A,MDC1
BAZ1A,HNRPU
UGGG1P,HNRPU
NUCLP,FEN1
PRC2CP,BAZ1A
HIRP3P,RNPS1
TOP2B,CHD1
SMRC2,FXR2
SAFB1P,RPA34
E41L3,MAGD2P
ZN292P,BAZ1A
GRP78,PHIPP
SMC1A,NUCLP
BCLF1P,CBX2
TOP2AP,SRRM1
POGZP,RBM25
SNUT1P,RSF1
KI67P,TP53BP
RRP5P,RFC1P
UGGG1P,CAF1A
KI67P,SMHD1
NEST,PRP4BP
PLEC,MGAP
MDC1,MSH6P
Z280C,RSF1
DHX57P,BCLF1P
H15,BMS1P
NFH,CAPR1
TCOF,DDX46P
RFC1P,DDX27
BAZ1B,BRD1P
NACAM,BAZ1B
SK2L2,TDIF2P
SETLP,SRSF9
SMC1A,BCLF1P
GTF2I,HNRL2P
CHD1,FXR2
RBM25,HNRPR
SMRC2,BCLF1P
SRRT,FXR2
RPB2,MCM2
CHAP1,HNRPR
TOP1P,RSF1
FLNA,MDC1
PRP4BP,DDX27
ELYSP,RBBP6P
DDX27,XRCC1
GTF2IP,SNUT1
KMT2A,CENPFP
PHIPP,ROA0
UBF1,FXR1
MCM3,FXR2
SMC1A,DDX46P
CHD1,RRP1B
RBM39P,HNRH1
NACAMP,RBBP6P
XPO2,ABCF1
TAU,DDX3X
UBF1,FXR2
SK2L2,BCLF1P
DDX52P,LA
ZCCHV,SNUT1
MYPT1P,SAFB1
SMC1A,LARP1
SMHD1,RBBP6P
LA,U2AF2
FEN1,SRSF6P
FLNB,SPTB2
PHIPP,SRSF6P
SSRP1,EWS
SNUT1,HNRL2P
DKC1P,RSF1
MAP1AP,FLNA
MDC1P,ZN638P
DDX27,PPIGP
ZCCHV,HNRL1
NIPBLP,TPR
TCPA,RBM39P
TOP2B,BAZ1A
CHD1,SRRT
H13,EWS
NAT10,DDX46P
MGAP,BPTFP
NSD2,DHX57P
TOP2A,BAZ1A
MAP1SP,UBP2L
RAI1P,GNAS1
ARH40P,PHRF1P
MCM3,SRRM1
HS90A,MCM6
SNUT1P,ZCCHV
ITB1,SRRM1
ZN638P,ELYS
TADBP,RSF1
EIF3B,CAF1A
MYPT1,EHMT2P
SRRT,GNAS1
NSD2,PHRF1P
BAZ1BP,RBBP6P
RL1D1,DDX5
EIF3B,PRP4BP
RBBP6P,PYR1P
RL1D1,XRCC6
H15,PPIGP
PRP4BP,MDR1
RRP1B,RAI1P
IF2B1,HNRL2P
RSF1,PABP1
TCOFP,ZN638P
TOP1,HNRPU
SMRC2,PHRF1P
H13P,SRRM1
DKC1,NUCL
ERLN1,MECP2P
TCOF,NUMA1
BMS1P,LARP7P
CAF1A,EIF3A
SMC1AP,RBBP6P
HS90BP,BRD1P
MYH10,PRC2CP
RAD21P,NU107P
SMCA5,BAZ1A
UTP20P,PRKDC
U520,CENPFP
DDX52P,SRRM1
SRRM1,NSD2
RPA34,DHX15P
PB1,RBMX
SND1,NSD3
PHIPP,DDX5
SMC1AP,TRIPC
RPA34,HNRPU
SRRM1,BAZ1B
SPTB2,KMT2A
DSRAD,NUMA1
BAZ1AP,ZN292P
HS90AP,SF3B1
ZN532P,PRP8
TOP2AP,UTP20P
RSF1,CHD1
RSF1,MCM2
E41L5,EIF3A
PB1,RMXL1
DDX21,GOGA3P
DNJA2P,DDX27
MAK16,LYRIC
BAZ1BP,PRC2CP
SMHD1,KMT2A
RNPS1,XRCC6
TOP2B,KI67
PRC2CP,AHNK
TR150,MYH9
FBRL,DDX3X
PRP4BP,NACAM
LAP2A,NU160
PR40AP,TRIPC
RBM34,SRRM1
ENPL,BRD3
MATR3,RBBP6P
RRP5,KMT2A
PR40AP,CKAP5P
SYNC,DDX46P
H15,EHMT1
ZN532,MAP1AP
CK5P2P,PRKDC
SPTB2,UBR4P
ZN532P,PRC2CP
BMS1P,SRRM1
HMGB1,RSF1
PRP4BP,ELYS
H12,MDR1
SYNP2,ATRXP
GANAB,DIDO1P
RS7,DDX46P
RFC1P,NIPBL
NFM,DIDO1P
UBF1,RRP5
DHX9,CENPFP
SNW1,MSH6P
SRSF6P,MCM10P
RL7L,HNRPR
WDR3,EIF3A
RRP44,SPTN1
SPB1P,TCPZ
SSRP1,RRP5
SMC1A,KI67
TOP1P,TOP2B
DKC1,EIF3A
UTP18P,TOP2A
ABCF1,SPTB2
SRRM1P,SPTN4
RAI1P,NIPBL
UTP18P,TOP2B
H1X,HNRPQ
LONM,ASH1LP
NUCKSP,TDIF2P
DDX46P,CENPFP
NUCLP,PYR1P
H14,MYH10
SPB1P,EWS
H15,MYH10
PPIGP,SPTN1
DDX21,FLNB
H14P,NUMA1
RBM34,BAZ1A
TOP1,ELYS
RL24,LARP7P
U3IP2,RBBP6P
LARP7P,PYR1P
RSF1P,RRP5
PRP4BP,KMT2A
NSF,NU153
NUCKSP,RAI1P
PB1,HNRL1
RRP1B,KI67
TDIF2P,KI67
HS90A,EP400P
SF3A3,ELYS
FAS,DDX3X
PDIA4,MGAP
H1X,BRD1P
PAIRB,MDC1
SPB1P,SMCA5
DNJA2P,U520
CHD1,PLEC
PHIPP,TRIPC
SRC8,ASH1LP
KHDR1,F208BP
RSF1,FLNA
DSRAD,SYNE2P
H12,CENPFP
SAFB1P,UBR4P
H2B1D,LAR4BP
LA,EP400P
SETLP,LAMB2
PB1,CAND1P
HNRPU,UBR4P
EWS,PRKDC
H13P,UBR4P
RL7L,ATRXP
RL13A,ATRXP
RL7L,MGAP
RL26,SMHD1
PB1,CENPFP
SPB1P,ASPMP
H2B1M,SPTB2
H2B1D,SPTB2
RL26,ASPMP
RL26,UBR4P
CCAR2,TITINP
UBP10,TITINP
KMT2A,NUP53P
PLEC,ATPA
PHB2,PPIGP
H12,ANM5P
EFTU,CBX2
TCPA,DDX3X
PRP19,PRP4BP
GRWD1P,SF3B1
DYN1,SRRM2
TAUHP,KMT2A
LAP2BP,SPTN1
TITINP,RS7
TITINP,NFM
TITINP,SYNPO
SYNE2P,SRSF9
TOP2B,SERF2
TITINP,DHX9
MDN1P,GAR1
PLEC,GAR1
TPR,RL4
KI67P,RL24
UTP20P,H1X
SYNE2P,TCPZ
MAP1AP,GAR1
NIPBLP,RS4X
TCOFP,RL26
SYNE2P,NUCLP
PLEC,RL1D1
NIPBL,MAK16
UTP20P,ROA0
SYNE2P,UBF1
TPR,ROA0
KMT2A,LAP2B
MGAPP,RS5
PLEC,TCPG
ZN638P,NUCKS
PLEC,RBP56
HUWE1P,LARP7P
PRKDC,GLYR1
BPTFP,RBM34
KMT2AP,ZN512
NIPBLP,RING1
FLNC,BMS1P
FLNC,PAIRB
TPR,PAIRB
CKAP5P,RBMX
PLEC,TDIF2P
ATRXP,PAIRB
MGAP,CBX2
DHX57P,RS4X
UBR4P,HYOU1
EP400P,EWS
MAP1B,GNL3
PRKDC,BCLF1P
NFM,PB1
RFC1P,RCC1
NIPBL,PABP1
TR150,GAR1
KMT2AP,ZCCHV
KMT2A,MCM2
TPR,HNRPR
DDX46P,RL7L
MYH10,U2AF2
BPTFP,HNRL2P
TOP2B,PAIRB
SP16H,RS4X
TR150,SRSF1
ZN638P,DKC1
RRP5P,RL1D1
BAZ1A,PAIRB
SRRM2,LAR4BP
UTP20P,RRP1B
AT1A3,HNRC1
SRRM2P,SNUT1
U520,SRP68P
TOP2A,HNRPK
ASH1LP,ZCCHV
MAP1B,ECHAP
PRC2CP,NFM
DIDO1P,SSRP1
RRP5,MAGD2P
DIDO1P,HNRL2P
TR150,RBMX
MYH9,DDX3X
F208BP,ABCF1
ATRXP,DYN2P
MAP1B,MCM10P
MDN1P,TRIPC
SPTB2,RBM25
SPTN4,SAFB1
BAZ1A,HIRP3P
TOP2BP,TOP1
SND1,SRSF6P
MDR1,MECP2P
AT1A3,BMS1P
GTF2I,BMS1P
KMT2AP,TOP2B
ZN292P,UBP36P
ELYSP,TR150
MYH9,RBM25
SRRM2P,SF3B3
SAFB1,DNJA2P
H13P,RNPS1
BAZ1A,DDX17
DDX46P,MECP2P
NAT10,MECP2P
ZN532,LMNB2
BAZ1BP,SSRP1
EIF3A,FXR2
KTN1,DDX51P
LARP1P,SAMD1
MGAPP,TOP2A
RFC1P,EZRI
ACLY,LARP7P
TCOFP,UHRF1
RRP5,HYOU1
RL1D1,RS4X
XRCC1,GBB2
UBF1,DNJA2P
BAZ1BP,SNUT1
MSH6P,SUZ12P
PHIPP,SPB1P
ZN532,NUCL
BRD1P,LARP7P
MAP1B,DHX57P
PPIGP,RBM34
BAZ1B,MATR3
RFC1P,ITF2
UTP20P,TOP2B
ZN532P,UBF1
MAP1AP,PHRF1P
SRRM2P,TOP2B
H14,PHIPP
MAP1B,BAZ1B
DDX27,RSF1
KTN1,HNRPU
UBR4P,CENPFP
CHD1,ZN512
WDR3,ENPL
UTP18P,H2AW
NSD3,ARVCP
SPTB2,TOP2B
HNRC1,RL13A
NSD2P,PR40AP
HIRP3P,PAIRB
BAZ1BP,SYNP2
H12,HNRDL
MDC1,BAZ1A
MDR1,RRP44
NSD2,DDX46P
MCM10P,DDX3X
SP16H,SNUT1
BCLF1P,SSRP1
RS5,EXOS6
XRCC6,RSF1
UBP36P,CHD1
HS90AP,RBP56
RRP5,ARH40P
E41L3,BCLF1P
HIRP3P,U2AF2
SSRP1,MAGD2P
ANK2,MCM5
SAFB1P,SYTC
LONM,RBM25
SND1,SNUT1
ASH1LP,TPR
KTN1,MDR1
EIF3B,UHRF1
PGK1,PAIRB
PB1,TPM1
MAP1B,F208BP
TOP2BP,TOP2B
H14,ANM5P
HNRPM,PPIGP
PARP1,BRD1P
UBF1,SNUT1
H15,ANM5P
LMNB1,HNRPQ
RBM25,SAFB1
HS90A,MCM3
HNRPU,BCLF1P
ZCCHV,PRP4BP
MDC1P,PRP8
ATRXP,NIPBL
SMRC2,EIF3A
TR150,SYNP2
DNJA2P,U3IP2
DYN2P,PRP4BP
RSF1,H12
ZN462,ASH1LP
RRP5,ELYS
RS3A,RBMX
HS71A,SNUT1
H15P,RRP1B
ZN532,PHRF1P
SNUT1P,SP16H
KTN1,RBBP6P
ABCF1,UBP36P
GNL3P,Z280C
ZN532P,RBBP6P
TRIPC,NIPBL
HNRPM,DDX46P
NASP,UBP36P
TR150,MSH6P
TOP2BP,PRP8
LYRIC,RBM25
CENPFP,PLEC
SMRC2P,RBBP6P
SAFB1,MSH6P
RRP5P,UTP20P
NSD2,CKAP5P
NSD3,DIDO1P
RSF1,PPIGP
DDX21P,SMC1A
BAZ1AP,SPTN1
RNPS1,MECP2P
SMRC2P,TP53BP
TOP2B,FLNA
LYRIC,PR40AP
GNL3P,SAFB1
RBBP6P,MGAP
PRP8,KMT2A
DDX52P,MYPT1
ROA0,RBM39P
SRRT,BAZ1A
TCOF,GCN1
NSD2P,SPTN1
SYNC,MCM10P
SPTB2,HUWE1P
HNRPC,ZN512
BRD1P,MYH10
RBM39P,GTF2I
RCC2,PRP4BP
RFC1P,ELYSP
CBX2,LARP1
RBM39P,LARP1
NFMP,VWA8P
TOP2A,KI67
UBF1,TOP2B
RNPS1,EWS
RNPS1,LMNA
NUCKS,TCPZ
NSD2,MGAP
TOP1,NSD2
RFC1P,SPTN4
RRP12,ASH1LP
HP1B3,EHMT1
BMS1P,ARVCP
ENPL,HNRPU
PHIPP,SRRM1
BRD1P,SPTN4
SNUT1,MYH10
RL7L,TOP1
HMGB1,SNW1
TOP1P,ZMYM4P
H12,BAZ1B
ANK2,DIDO1P
MYPT1P,ZN292P
RL1D1,RRP12
ANXA2P,SRRM1
CBX2,NSD3
RAI1P,UTP20P
SRSF3,U2AF2
BCLF1P,TPR
PARP1,ASH1LP
PR40AP,NIPBL
RL1D1,NSD3
PSIP1P,BAZ1A
SNUT1P,SPTB2
SND1,SRRM2
HNRPM,DIDO1P
PARP1,KI67
SRSF3,RBM39P
NSD3,PLEC
UBP10,ZN292P
CKAP2P,PRP8
H13,DIDO1P
HNRPU,ASH1LP
TDIF2P,ZN292P
RL24,ZN512
FXR1,ELYSP
GNL3P,SMHD1
AKAP8P,SPTN4
LA,MYH10
H2B1M,RSF1
RL1D1,RRP5
TCPG,MDC1
SMRC2,PLEC
SYTC,KI67
UBP36P,DYHC1P
HS90B,MGAP
BAZ1AP,SYNE2P
HS71A,ASH1LP
PB1,HYOU1
CCAR2,PLEC
U2AF2,SPTN1
RSF1P,SPTN4
HS90A,KMT2AP
RSF1P,ZN292P
SRRM1P,UBR4P
RS11,BCLF1P
BRD3,HUWE1P
RL14,EIF3A
RL1D1,EP400P
RSF1,CENPFP
RNPS1,NACAM
EWS,DYHC1P
DNJA2P,BPTFP
CHD1,SYNE2P
DKC1,KMT2A
TRM6P,KMT2A
HP1B3,PLEC
RNPS1,ZN292P
STMN1,EIF3A
H1XP,TRIPC
U2AF2,PLEC
DNJC9,SPTN4
U3IP2,UBR4P
H1XP,UTP20P
RS3A,ASPMP
H1X,KI67
H1X,ASPMP
H2B1M,ATRXP
RL14,DYHC1P
FUBP2,TITINP
H1XP,TITINP
KMT2A,ERHP
SPTB2,RL35A
PRP8,RALY
CKAP2P,STMN1
EHMT1,GBB2
ASH1LP,SYMC
RS7,RL18
APEX1,SPB1P
EIF3B,HIRP3P
BRD3,2AAA
RBM4BP,SRSF6P
UGDH,G3BP2
ZN384,PPIGP
NFL,BCLF1P
TCPD,BCLF1P
PGM1,DDX46P
FXR2P,RRP12
COF2,RBM34
FUBP2,ZN638P
1433E,XRCC5
H1XP,UBP10
TPM1,SAFB1
CCAR2,SYNE2P
RALYP,PRP8
RAB35,ELYS
KPYMP,TITINP
TITINP,RL35A
TITINP,NSF
TITINP,HNRDL
SYNE2P,H2A1B
KMT2AP,RL24
KMT2A,GAR1
SRRM2P,SRSF3
MGAPP,RL18
KI67,GAR1
SYNE2P,LYRIC
ELYSP,RAB35
NSD3,RL4
KI67,HNRPC
CENPFP,RNPS1
SRRM2P,RS4X
MDN1P,FXR1
CAF1A,HMGA1
AHNK,FXR2
TOP2BP,RL13A
ASH1LP,ROA1
KMT2AP,RTCB
MDN1P,RRP1B
BAZ1BP,RL13A
MGAPP,RBM34
KMT2A,DDX5
SRRM2P,RS7
NAT10,SRSF3
SYNE2P,UBP36P
ZN638P,YBOX1
SPTN1,TADBP
UBR4P,MCM10P
NACAM,PHIPP
NFH,RL18
GCN1,RL1D1
KI67P,TOP1
DYHC1P,SRRM1
SMCA5,PB1
SRBD1,RL13A
GTF2IP,SPB1P
KI67,FXR2
AT2A2,GAR1
KMT2A,HNRL1
RBBP6P,RMXL1
MAP1AP,LMNB2
FLNA,RBP56
PRC2CP,ATD3B
KI67,MCM5
TPR,TOP1
ATRXP,IF2B1
MDN1P,EHMT1
ZN292P,XRCC1
KMT2A,NU107P
TOP2A,PHF6
ASPMP,TIF1BP
RRP5,H4
MDN1P,DHX57P
MAP1B,FXR1
UBP36P,HNRC1
NSD3,PHIPP
SRRM2,HS90B
SRRM2,HS90A
BPTFP,ABCF1
SPTN1,LAP2A
KMT2AP,UBP36P
MDN1P,PHRF1P
KI67,ARVCP
NUMA1P,SRP68P
ATRXP,CAP1
CKAP5P,TOP1
PHRF1P,SF3A3
NIPBLP,SAFB1
DAXXP,SRSF1
KI67P,UBP36P
E41L3,ROA3
PHRF1P,LARP7P
PARP1,PHF6
TOP2BP,TKTP
ATRXP,CCAR2
GNAS1,PAIRB
ZN638P,PNPT1P
ELYSP,SND1
SF3B1,LA
NSD3,LMNB1
ZMYM4P,ATD3B
CK5P2P,DDX27
SPTB2,SRBD1
PRP8,GTF2I
UBR4P,ELYS
RBBP6P,UHRF1
NFM,BMS1P
MYH10,CHD1
MSH6P,DREB
DDX21,PHIPP
RRP5,BCLF1P
NFM,LAP2B
TOP2A,ECHAP
TCOF,HNRL2P
BPTFP,ZMYM4P
TCOFP,UBF1
TOP2A,DHX15P
SRRM1,EF2
SAFB1P,RSF1
NSD3,PPIGP
UBR4P,ZN292P
SMHD1,BRD1P
H13,HNRH3
CHD1,U2AF2
DREB,SRSF6P
FLNB,EIF3A
PABP1,SRSF6P
ZN292P,TCOF
H14,HNRH3
RBBP6P,HYOU1
ABCF1,U2AF2
RFC1P,EWS
UBP36P,HS71A
DYHC1P,ZN292P
PRP4BP,DDX5
ZN292P,TOP2B
SPTN1,BAZ1B
RFC1P,AKAP8P
NUMA1,MDR1
COPG1,RBM39P
H12,HNRH3
DYN2P,RBM39P
MDR1,DDX21
PYR1P,NSD2
ZN638P,SMRC2
MECP2P,MAK16
TCOF,BCLF1P
MDN1P,ASPMP
ATRXP,UGGG1P
ABCF1,RBM39P
TOP2B,NAT10
ASH1LP,VWA8P
TOP2B,BRD1P
HNRPQ,PAIRB
MCM10P,RFTN1
SRRM1,DDX5
HMGB1,RL26
RBBP6P,SMRC2
UHRF1,TCPG
DDX21,NFL
SMRC2,ABCF1
NSD2,CAF1A
RRBP1,MBP
SYTC,ZN512
DREB,U2AF2
MSH6P,PRP4BP
MDR1,PR40AP
NUCL,LA
LAP2A,LA
SPB1P,RS11
RRP1B,TKTP
HS71A,RPA34
TCOF,EHMT2P
DREB,RBM39P
CAF1A,ITB1
ACLY,BCLF1P
HNRPC,DNJC9
SPTN1,NUMA1
RPB2,PRP4BP
COPG1,PPIGP
PARP1,MCM10P
ACLY,TR150
RENT1,RAI1P
ADNP,HYOU1
DDX21,AKAP8P
H14,HIRP3P
MATR3,PPIGP
ANK2,UBF1
H14,EIF3LP
EXOSX,DDX27
NSD3,ZN532
GTF2IP,SRRM1
PRP8,U520
JIP4P,EHMT2P
TCOF,NSD2
BAZ1B,EIF3A
H15,EIF3LP
H12,LA
CUX1,SAFB1
YBOX1,RNPS1
SPTN1,PRP8
HNRPU,DDX21
MYPT1P,RAI1P
ARVCP,BCLF1P
JIP4P,EHMT1
ECHAP,PPIGP
SNW1,LA
CBX2,RBM39P
SPB1P,PB1
LYRIC,LARP7P
SRRM1,MCM2
TDIF2P,RRP1B
CAP1,HNRL2P
SRRM1P,SAFB1
RRBP1,NSD3
TCOFP,TOP2A
SPTN1,SPTN4
TOP1,HS71A
RAI1P,MYPT1
ABCF1,CHD1
RBM25,SRRM1
ILF3,ARVCP
FLNA,PRC2CP
KPYMP,TKTP
LARP1P,SMC1A
IF2B1,DDX3X
RSF1,HP1B3
GRP78,PPIGP
UHRF1,BCLF1P
NUMA1P,SPTN1
NUCL,RBM25
TOP2A,MTAP2
DNJB1P,DNJA2P
RBM25,NAT10
EHMT2P,BAZ1B
SMRC2P,TCOF
MCM6,PRP4BP
SAFB1P,RFC1P
H14,DHX15P
LYRIC,LAR4BP
DSRAD,BAZ1A
H13,MATR3
EXOSX,RFC1P
EWS,HNRL1
SK2L2,MSH6P
RS8,PSIP1P
CKAP5P,GCN1
H12,UBF1
RRP12,RBBP6P
DREB,CHD1
SRBD1,EIF3A
RS3A,NSF
LONM,EIF3A
MSH6P,TP53BP
MSH6P,ZN638P
BMS1P,IF2B
ARH40P,PYR1P
TOP2A,ELYS
H12,MATR3
DHX57P,MDC1
ZN532,MYH10
SNUT1P,SF3B3
HIRP3P,HNRL1
GTF2I,BAZ1A
SRRM2,HUWE1P
XPO2,BAZ1A
NSD2P,PYR1P
BMS1P,FXR2P
MDR1,U520
PHIPP,RAD21P
TCPZ,SRRM1
DNJB1P,LARP7P
DDX27,NSD2
RBM39P,SND1
HNRPC,RBM39P
PSIP1P,NU107P
NAT10,RBBP6P
SMU1,SRRM1
BAZ1B,GCN1
SRC8,PRP4BP
SRSF6P,XRCC1
CAND1P,PRP8
AKNAP,SRRM2
PARP1,MYH9
UBF1,TCOF
NUMA1P,PRKDC
RRP44,CK5P2P
NUCLP,RRBP1
PHF6,DDX17
NSD2,NIPBL
HNRPR,ZN532
TKTP,DSRAD
SRRM1P,RRP5
LARP1P,SPTB2
RRP1B,PHRF1P
NFIB,BCLF1P
ZN638P,HUWE1P
Z280C,PHRF1P
H13,BAZ1B
PSIP1P,EHMT2P
ELYSP,UBR4P
GTF2IP,PRP8
GLYR1,RRP12
NSD2,CENPFP
MYPT1P,ZN462
RL7,MAGD2P
UGDH,EHMT2P
H1X,LA
RRP12,KI67
ABCF1,U520
MSH6P,ASPMP
UBF1,ZN638P
LA,EIF3A
RL4,DNJB1P
GLYR1,BAZ1B
BCLF1P,SPTN1
CHD1,F208BP
NUCKS,FXR2
NUCL,CKAP5P
SSRP1,CKAP5P
SSRP1,HCFC1
AKAP8P,TRIPC
RSF1,DHX57P
NSD2,KMT2A
BRD3,NUMA1
FXR2,MYH10
H14P,CK5P2P
SAFB1,NIPBL
CHD1,NIPBL
DDX5,CK5P2P
RL4,BMS1P
TOP1P,ZN638P
PHIPP,DSRAD
PDIA3,PHRF1P
MARCSP,UBP2L
NEB2,GCN1
H12,RRP5
APP,MAK16
MDR1,HUWE1P
MAK16,DDX46P
DDX21P,SRRM2
DDX3X,PRP8
LAP2AP,SPTN1
ANK2,BPTFP
UGGG1P,MDN1P
SSRP1,SPTN4
RL13A,PPIGP
RAB35,PPIGP
AKAP8P,TPR
RL7L,CAF1A
RL14,RBM25
RNPS1,DSRAD
AKAP8P,NIPBL
RPA34,NUMA1
BRD3,BPTFP
NDUAAP,GOGA3P
ZCCHV,KMT2A
RNPS1,MSH6P
FSCN1,DIDO1P
CKAP4,SRRM2
RL4,TKTP
RL14,MYPT1
H12P,ZN292P
DDX52P,PRC2CP
SPB1P,GTF2I
SF3B1,SYNE2P
EFGMP,KMT2A
H13,ASPMP
H2AW,TRIPC
SMU1,SRRM2
NUCLP,PRKDC
UTP18P,KI67
RS11,TR150
ZN512,ASPMP
FBRL,TRIPC
TCPG,ASPMP
ENPL,DIDO1P
RBM34,NIPBL
LA,ASPMP
FLOT2,ASH1LP
RL13A,TOP2B
PB1,PHRF1P
RS3A,U520
HMGA1,NETRP
NEB2,SYNE2P
GNL3,DYHC1P
MECP2P,PRKDC
H1XP,RRP5P
RL1D1,HUWE1P
HMGB1,NUMA1
BMS1P,PRKDC
RNPS1,KI67
FAS,PHRF1P
SPB1P,FLNB
RSF1P,SYNE2P
RL13A,EP400P
CSRP1,BPTFP
NU153,TITINP
SERF2,PRP8
RL4,MDN1P
TITINP,SRCP
ZN638P,EXOS6
HEAT1P,ZN512
BPTFP,AT2A2
NUP98,SRRM1
RRP5P,SK2L2
PRP4BP,EFGMP
H15P,VIME
ATRXP,GCN1
NFMP,SRBD1
H12P,RAD21P
MARCSP,RBM34
NLTPP,TR150
NU214P,HUWE1P
ERLN1,TDIF2P
RFTN1,ZMYM4P
SAFB1P,UTP20P
RL18,DDX51P
WDR43P,KI67
CBX1P,TR150
TCP4,ANK2
SERF2,DDX21
TITINP,FSCN1
TITINP,HS90B
TITINP,HS90A
BPTFP,FAS
UBR4P,RCC1
ATRXP,RL4
ARH40P,APP
DDX21P,SERF2
PLEC,PHF6
MDN1P,KHDR1
KMT2A,FBRL
FLNB,THOC4
UBR4P,GLYR1
PRKDC,KHDR1
ZN292P,ROA0
PRC2CP,MARCSP
UBR4P,AKAP8P
ASH1LP,BMS1P
TCOF,PB1
PLEC,EWS
NSD2P,SPB1P
UBR4P,DDX21
MYH9,ROA0
ZN462,BMS1P
ASPMP,IF2B1
EP400P,SNW1
MAP1B,HNRDL
ATRXP,KHDR1
SRRM2P,RTCB
PYR1P,DNJA2P
NIPBLP,RBM39P
EP400P,MAGD2P
CENPFP,HNRPQ
TPR,RBM39P
MAP1BP,UGDH
SRRM2,HP1B3
ASPMP,E41L5
SRRM2,FXR1
ZN462,MAGD2P
ATRXP,MAGD2P
MAP1AP,CKAP2P
FLNA,ATD3B
SPTB2,RBP56
ATRXP,H31
MAP1B,HNRPR
PRP8,DDX5
CENPFP,HNRPU
TOP2A,PAIRB
TOP2AP,RBM34
MAP1AP,MCM3
ELYS,EWS
EHMT1,PHIPP
RPB2,SRSF6P
KI67P,PR40AP
DIDO1P,FXR2
UTP20P,ANK2
MECP2P,RS2
MYH9,HNRPR
UTP20P,SRRM1
IF2B1,RL18
TPR,SAFB1
BPTFP,BRD1P
MAP1AP,CUX1
BCLF1P,ENPL
NIPBL,MAP1SP
FLNA,PRP4BP
FLNA,MYPT1
TR150,RMXL1
COPG1,PHF6
DDX17,RNPS1
MYH9,HNRPU
TOP2A,ATD3B
MAP1B,BRD1P
TOP2A,DDX51P
ATRXP,LARP1
PRC2CP,SF3B1
ABCF1,UBA1
DHX15P,PHF6
SNUT1,NSF
RBM25,RMXL1
NUMA1P,RAI1P
UBP36P,SAMD1
TOP2A,LAR4BP
SRRM2,NSD2
EIF3A,AKAP8P
KMT2A,CKAP5P
ARH40P,DDX21
ACTN1,HNRPK
DDX21,PAIRB
SRRM1P,RSF1
ZN292P,GOGA3P
NIPBL,BAZ1A
SRRM2,GDE
MAP1SP,RBP56
PP1A,RL18
BAZ1B,ABCF1
MGAPP,RBBP6P
TOP2BP,RAI1P
ACTN1,SAMD1
PARP1,TOP1
UBR4P,EP400P
DDX21P,RSF1
MDR1,MCM3
RRP1B,RSF1
GOGA3P,RAI1P
PRP8,TOP2A
DDX27,TCPZ
DHX15P,CBX2
LARP7P,RMXL1
NSD2P,SYNPO
PHIPP,THOC4
CAF1A,EWS
KHDR1,RNPS1
SNUT1,HIRP3P
UBP36P,DDX27
DDX46P,E41L5
H15P,RBM34
SRRM2,MYH9
RRP12,NU107P
MSH6P,RAI1P
HNRPM,RBM39P
MCM3,RBP56
EHMT2P,ACTN1
PAIRB,ROA0
ASPMP,FLNB
DDX27,TKTP
SSRP1,SNW1
H12P,RBM34
CENPFP,SPTN1
BAZ1AP,SMC1A
RSF1P,UBA1
NAT10,HNRPU
KI67P,TPR
DDX46P,HNRL1
PR40AP,DHX15P
NSD2P,RFC1P
NUCKS,PB1
BRD1P,CHD1
RFC1P,RAI1P
GNAS1,CHD1
LARP1P,PR40AP
ANK2,TDIF2P
CBX2,U2AF2
UBR4P,PLEC
Z280C,FXR2
SPB1P,RL18
SRBD1,NFM
CAF1A,CHD1
CENPFP,MGAP
TR150,MCM2
TOP1P,RBP56
TOP2A,GOGA3P
H12,EIF3LP
ABCF1,RBM25
PARP1,NAT10
NACAM,NUMA1
ZN292P,MAP1AP
MAP1BP,SPTN4
RBM25,SRRT
KTN1,NSD3
ANK2,ZCCHV
MATR3,SRRM1
TOP1,LMNA
RBM25,NFM
SYTC,SRRM1
PSIP1P,DDX5
UTP20P,EP400P
LMNA,PPIGP
TOP2BP,RRP5
SP16H,EHMT2P
DHX15P,BCLF1P
XRCC6,SSRP1
MAP1BP,PRC2CP
ZN512,ITF2
DAXXP,MCM10P
ANK2,PRP4BP
RRP12,UGGG1P
CKAP5P,ATRXP
MDC1P,SPTN4
HP1B3,CKAP2P
MTAP2,ELYS
SNUT1,GTF2I
CKAP4,PPIGP
TDIF2P,TR150
TRIPC,SPTN4
BRD1P,NSD2
EF2,HNRPQ
HNRPU,UBP2L
RRP1B,PRP4BP
BAZ1BP,TP53BP
ABCF1,RENT1
BRD1P,NSD3
SP16H,AKNAP
HS90AP,PRP4BP
GTF2I,EIF3A
WDR3,PPIGP
ZN638P,NIPBL
CHD1,EHMT1
EIF3LP,HNRPU
NSD3,NUMA1
NFH,ARH40P
DDX46P,TOP2A
ZN532,MYH9
RBM34,DREB
RBM25,MDR1
TOP2AP,PRP8
ZN532P,TRIPC
GTF2I,GDE
MAP1SP,PHRF1P
CUX1,TOP2A
LYRIC,SAFB1
ENPL,GNL3
DNLI3P,PHRF1P
MAP1AP,DYHC1P
UBF1,MDR1
DDX52P,PRP4BP
RRP5,EP400P
LA,SAFB1
H2AW,LMNA
SK2L2,RRP5
LYRIC,SMCA5
PRP8,HUWE1P
SRRM2P,UBR4P
WDR43P,RRP12
HNRL2P,NSD3
U3IP2,SAFB1
SYTC,BAZ1A
NAT10,TRIPC
LA,SK2L2
PDIA4,ZN532
SMRC2P,SPTN1
HNRPD,PPIGP
RFC1P,SPTN1
NFM,MYH10
RAI1P,U520
NUCKS,CBX2
DDX5,EIF3A
PPIGP,LAMB2
RNPS1,E41L5
RL1D1,SMC1A
KPYM,NSD2
GNAS1,TPR
TOP2AP,PRKDC
SAFB1P,SPTN1
LA,NSD3
H2AW,PRP4BP
H13P,RBBP6P
HNRL2P,MDC1
RBM34,SF3B3
UBP36P,CENPFP
H1XP,TOP1
KTN1,KMT2A
H1X,HNRPR
RCC2,TOP2B
DNLI3P,CENPFP
H12,MTAP2
NUCKS,PNPT1P
FLOT2,DHX57P
UBF1,ATRXP
FAS,MECP2P
H1X,PPIGP
RBM34,TOP2A
NUCLP,SPTN4
RS3A,TR150
SRRT,CENPFP
LA,MYH9
RL7L,BCLF1P
RL7L,PR40AP
PHIPP,BAZ1B
RS4X,BRD1P
PSIP1P,U520
E41L5,MGAP
MAP1SP,HUWE1P
HS90A,MGAP
NFIB,RBBP6P
PSIP1P,ELYS
H1X,BCLF1P
ENPL,BAZ1A
RL4,LYRIC
TOP1,NIPBL
CBX2,SPTN1
SF3A3,PRP8
EZRI,NIPBL
RS3A,ZN532
TOP1,EP400P
RBM34,DIDO1P
HP1B3P,PRC2CP
RBM39P,NIPBL
H31,ASPMP
SSRP1,KMT2A
NFMP,UBR4P
MECP2P,PRC2CP
H33,ASPMP
RL7,PHRF1P
H15P,PRKDC
RBM34,ASH1LP
H1XP,BAZ1B
RNPS1,U520
RL4,RAI1P
LYRIC,UBR4P
RL18,MDC1
SERF2,EWS
H15,SYNE2P
SRSF9,PRC2CP
H1X,MAP1AP
MECP2P,SYNE2P
RL14,BPTFP
RL24,DIDO1P
RL24,MAP1B
RL4,ZN462
RL26,EP400P
H2B1M,HUWE1P
H2B1D,HUWE1P
TITINP,SYNC
TITINP,MIC60
TITINP,COPG1
TITINP,GANAB
SYNE2P,MAK16
KMT2AP,RING1
MYPT1P,SPB1P
H12P,RS20
AHNK,GDE
CAF1A,UBA1
ANK2,HNRPF
PRP4BP,SF3A3
TOP1P,RS5
CAF1A,SRC8
XRCC1,PHF6
HS71A,PHIPP
LMNB1,SRSF6P
PHIPP,SRSF9
NACAMP,RRP12
TR150,PABP1
ATRXP,MTAP2
TOP1,HNRH1
BCLF1P,PNPT1P
MCM3,PPIGP
LONM,MAP1SP
IF2B1,DDX51P
TDIF2P,SYNPO
ELYSP,UTP20P
RS10,GAR1
CA2D1,NSD3
HNRPD,MECP2P
UHRF1,E41L3
RSF1,DDX3X
EIF3LP,DDX21
PUF60,SNUT1
LMNAP,TR150
GNAS1,GDE
STXB1,CHD1
LAP2A,ADNP
MATR3,DHX57P
MAK16P,TRM6P
GLYR1,TR150
PB1,DNJA2P
EHMT1P,ZN292P
HS90AP,ZN638P
NFMP,ZN462
HNRPDP,PRP4BP
ACLY,ASPMP
HNRPC,CUX1
H14,MDC1
PP1B,LARP1
RENT1,PRKDC
LAR4BP,SRRM2P
MAT2BP,NSD2
HMGB1,CHD1
CSRP1,ANK2
CRYAB,DDX21
XRCC1,KI67
TCPZ,UTP20P
RL4,SYTC
H1X,MSH6P
U3IP2,KI67
RL4,MYPT1
NPMP,ATRXP
RS8,ASPMP
K2C1,UBR4P
LAP2B,DYHC1P
APP,LAMB2
SMU1,TITINP
SETLP,TITINP
HMGA1P,TITINP
PRKDC,SRSF3
KMT2A,NUCKS
SYNE2P,KHDR1
SRRM2P,RL13A
UBR4P,NFIB
F208BP,SRSF1
BAZ1AP,SRSF3
ASPMP,PHIPP
KI67,DNJA2P
PRC2CP,UBA1
MGAP,BMS1P
ELYSP,ROA0
PYR1P,HNRPC
KI67P,RTCB
PLEC,E41L5
PRKDC,HSP7C
MSH6P,GAR1
UTP20P,IDHP
BCLF1P,RS2
KI67,GLYR1
PLEC,DDX27
HNRPQ,HMGA1
UTP20P,RSF1
ELYSP,RS8
ASH1LP,CBX2
SPTN4,RSF1
KTN1,RS4X
SK2L2,SPB1P
NAT10,SPB1P
GOGA3P,RNPS1
RBBP6P,PHF6
TRIPC,BMS1P
AHNK,DSRAD
MYH10,TADBP
MAP1AP,XRCC1
TCOF,DNJB1P
MAP1AP,H13
PRP8,GNL3
RRP12,ROA0
DDX5,FAS
BAZ1AP,ROA3
MGAP,HNRL2P
NUMA1P,RBM39P
GOGA3P,PHIPP
CAF1A,SRSF1
ATRXP,EWS
ATRXP,LMNA
CENPFP,EXOSX
Z280C,PB1
CK5P2P,RBM39P
SYNE2P,TP53BP
RRP5,GLYR1
LARP1P,YBOX1
MYH10,RBP56
DHX57P,RBM34
ZN532P,RS8
SYNE2P,PYR1P
AHNKP,VWA8P
ATRXP,NEB2
ZN462,HNRPU
FLNC,SRRM1
ZN292P,ACTN4
NAT10,SRSF6P
SMRC2,PAIRB
FLNC,TR150
KMT2A,POGZ
TCOFP,SAMD1
ZN638P,Z280C
RRBP1,TCPZ
PRC2CP,SYNP2
TOP2B,HNRPQ
ZN292P,SP16H
UBR4P,SMHD1
SPTN1,PR40AP
RRBP1,HIRP3P
MGAP,CAND1P
ANK2,HNRH3
RRBP1,LARP7P
UBP36P,HNRPK
SND1,PHIPP
U520,EXOSX
CAF1A,BMS1P
SPTB2,DNLI3P
CLH1,BRD3
TOP2BP,SSRP1
NAT10,H4
SMRC2,GNL3
CKAP5P,BCLF1P
H4,SPB1P
BAZ1B,FXR2
MYH9,CHD1
SP16H,RSF1
TOP2B,HNRL2P
SPTB2,LARP1
DHX57P,EWS
RRP5,CHD1
SMRC2,LMNB1
NSD2,LMNA
DSRAD,DDX5
MDC1P,SP16H
HNRL2P,PHIPP
RSF1P,RL7L
DIDO1P,RFC1P
RRP5,ARVCP
UHRF1,TADBP
MAP1B,EHMT1
ANK2,HNRH1
BAZ1A,MATR3
PRKDC,ELYS
TOP1,HNRH3
TP53BP,UBP36P
TDIF2P,RBM34
MYH9,RFC1P
DHX57P,NEB2
BRD1P,HNRPQ
PRP4BP,TKTP
RRP1B,IDHP
MCM5,LAP2B
U5S1,XRCC6
CENPFP,MDC1
BAZ1AP,SK2L2
SMRC2,MATR3
SMC1A,MCM10P
ABCF1,DDX5
ASPMP,ZN462
H13P,U2AF2
SRRM2P,SMHD1
PRP4BP,LAR4BP
PARP1,HNRL2P
SMHD1,BAZ1B
HS90A,HP1B3
NEB2,FXR1
ECHAP,LYRIC
LA,RS8
TRIPC,TOP2A
FLNC,U520
MATR3,FXR2
DIDO1P,LAMB2
RNPS1,SRSF1
UTP20P,ELYS
ITB1,DDX3X
RRP1B,HNRPR
PRP4BP,MATR3
METK2,SRSF6P
CENPFP,NIPBL
MBP,CHD1
RCC2,U2AF2
ASPMP,CENPFP
U2AF2,KHDR1
ANK2,SNUT1
MCM5,LAP2A
KTN1,RRP12
UTP20P,TPR
PRC2CP,UTP20P
PRP8,ELYS
BAZ1AP,TOP2A
NUMA1,MDC1
DAXXP,PPIGP
ELYSP,PRP8
TOP1,HSP7C
PR40AP,AT1A3
U520,ELYS
LONM,MYPT1
SNW1,LARP7P
DDX27,MCM10P
KMT2A,HUWE1P
NAT10,ADNP
Z280C,NEB2
TAU,ABCF1
ELYSP,SPTN4
PARP1,RFC1P
MYH10,DIDO1P
EZRI,ITF2
DSRAD,POGZ
RRBP1,TOP2B
U3IP2,GNL3
HNRL1,PRP4BP
FLOT2,RPA34
H15,HS90A
NUMA1P,SPTN4
BAZ1A,CK5P2P
TDIF2P,BCLF1P
SRSF6P,NFIB
MYH9,F208BP
ROA3,U2AF2
TCOFP,VWA8P
NUCL,BCLF1P
MAGD2P,NASP
TPR,ASPMP
LARP7P,RRP1B
BMS1P,LA
BCLF1P,EHMT2P
HS90BP,TR150
TCOFP,TP53BP
SK2L2,EIF3A
UBF1,NAT10
HNRL2P,BRD1P
NFM,EHMT1
BRD3,DDX46P
TOP2BP,SPTB2
DREB,TR150
RPA34,PPIGP
KMT2A,AHNK
NUMA1,EP400P
PRP4BP,TOP2A
ZCCHV,EIF3A
ROA0,U2AF2
NIPBL,HUWE1P
HIRP3P,SRRT
CBX2,RBM25
RRP12,NACAM
EXOSX,NSD3
ANK2,EIF3A
LARP1P,RBBP6P
GLYR1,SAFB1
TOP2BP,ZN292P
UTP20P,PLEC
RAI1P,PHRF1P
UBP36P,VWA8P
ROA1,HNRPR
PSIP1P,SRRM1
RSF1P,RBM25
TOP1P,SYNP2
NSD2,MAP1B
RRP1B,EIF3A
SF3B1,F208BP
ENPL,LMNA
RL7L,RSF1
HS90B,AKNAP
SP16H,MDC1
NU160,PRC2CP
Z280C,ZMYM4P
RS4X,HP1B3
ATD3B,EIF3A
ACTN1,VWA8P
EWS,RRBP1
SMRC2P,TPR
RRP12,PRC2CP
PHIPP,ANK2
NDUS1,PHRF1P
DDX5,DHX57P
TDIF2P,RBBP6P
SMRC2,ASH1LP
CAF1A,SPTB2
SMRC2,BPTFP
RL14,HP1B3
DSRAD,EP400P
SRRM1P,PRP8
AT1A3,ZN292P
FEN1,DDX46P
SRRM1P,SPTN1
TOP2B,DYHC1P
CK5P2P,MDN1P
NASP,PRP8
NU107P,SRRM2
ENPL,DDX46P
H13P,TRIPC
PSIP1P,PHRF1P
MCM10P,ZN292P
RS8,ZN532
H15,MYH9
TOP1P,SMHD1
BAZ1A,UBR4P
LARP7P,SMHD1
ENPL,EHMT2P
XPO2,ASPMP
TCPG,TRIPC
EXOSX,KI67
GOGA3P,MDN1P
CAND1P,DYHC1P
SMRC2,DYHC1P
RL1D1,CK5P2P
BRD1P,PRKDC
PARP1,PRKDC
SPB1P,SND1
SK2L2,DYHC1P
HNRPQ,PRC2CP
H31,ASH1LP
ABCF1,PRKDC
RL14,SMCA5
RL24,DHX15P
LYRIC,CENPFP
SRP68P,ASPMP
H33,ASH1LP
RS8,ELYS
AKAP8P,PRKDC
LARP7P,ASPMP
RRP1B,PLEC
SRRM1,MDN1P
TRM6P,KI67
RS3A,MYH9
FXR1,UBR4P
YBOX1,SRRM2P
RL24,MSH6P
NUCKS,NUMA1
DDX21P,SYNE2P
SRSF6P,MGAP
TAU,SYNE2P
TOP1,MDN1P
RBMX,ASH1LP
PB1,NUMA1
RS3A,PRC2CP
H2B1M,PRC2CP
TITINP,NU107P
UBR4P,FBRL
FLNC,RCC1
ELYS,NUCKS
KI67,NSF
NUMA1P,SETLP
DDX21,H2B1D
MGAP,HDAC2P
DYHC1P,LARP1
CK5P2P,FSCN1
TOP2BP,RBM34
SMHD1,WDR3
MDN1P,ARH40P
SRRM1P,THOC4
SRRM2,NASP
TOP2BP,RAD21P
CAF1A,ROA1
FLNB,MYPT1
NSD2P,TCPG
BAZ1BP,XRCC1
DSRAD,ATPB
LARP1P,RL1D1
SMC1AP,UTP18P
CUX1,HNRPK
HP1B3P,RS4X
TOP2AP,TDIF2P
NUCLP,RS5
EZRI,ROA0
RPB2,HNRPR
NFH,FUBP3
HSP7C,PHIPP
ZMYM4P,SAFB1
DDX46P,FXR1
SYNP2,SSRP1
CENPFP,PYR1P
ZN638P,NU160
SMRC2P,SAFB1
SNUT1,LMNB2
NIPBLP,PYR1P
PDIA4,SAMD1
DSRAD,SK2L2
TCOFP,RRP12
PSIP1P,EF2
H33,RSF1
EF2,GFAP
TOP2B,GOGA3P
MAP1BP,PRP8
XPO2,CAF1A
SUZ12P,DDX27
UGDH,SRC8
TOP1,CKAP2P
MAP1B,ASH1LP
MCM6,DDX46P
CAF1A,CAND1P
UTP18P,Z280C
H13P,MCM2
PARP1,NSD3
HNRC1,HNRDL
CHD1,RRP12
LARP7P,SRRT
CAF1A,GOGA3P
UBF1,EHMT2P
PARP1,PHRF1P
KTN1,ELYS
SRSF6P,LYRIC
DHX57P,ATRXP
MBP,RBBP6P
HNRPU,TOP2A
MAP1SP,ZN638P
ROA3,PPIGP
UBF1,UGGG1P
IDHP,PR40AP
SMCA5,DIDO1P
HNRDL,SRRM1
NAT10,DIDO1P
HNRC1,NUCL
ROA0,PPIGP
KPYM,EIF3A
RAI1P,ZN292P
ANXA2P,RAI1P
GRP78,MYH9
ABCF1,SPTN4
TOP1P,U520
PB1,HNRPM
RRP44,ASPMP
SRP68P,PRP8
RPA34,MYH9
1433E,PRP4BP
H1XP,TR150
H1X,GTF2I
H12,NIPBL
DREB,KI67
HNRL2P,DYHC1P
H13,DYHC1P
KHDR1,KI67
NDUAAP,PRC2CP
NUCKSP,SPTN1
FEN1,PRKDC
RL24,SMHD1
RS11,NUMA1P
RL14,PRC2CP
H2B1M,SPTN1
AKNAP,TITINP
SRSF3,KMT2A
ZN532P,TITINP
PGK1,TITINP
TITINP,HMGA1
TITINP,CLH1
SYNE2P,SAMD1
CKAP5P,SRSF3
MDN1P,RBM39P
SPTN1,NUCKS
PLEC,EF2
PLEC,DDX17
KMT2A,LMNB2
RRP12,PB1
MDR1,PB1
DDX21,H2B1M
TRIPC,RBMX
ATRXP,PGK1
DIDO1P,NFIB
U520,BMS1P
EP400P,SSRP1
SRRM1P,SPB1P
BCLF1P,RL14
SYNE2P,MYH9
SRRM2P,UHRF1
MGAPP,SRRM1
VWA8P,LMNB2
SMRC2,BMS1P
UTP18P,SPB1P
RL1D1,RL18
CAND1P,RL1D1
RRP12,SAMD1
TOP2B,HS90A
RSF1,GAR1
RFC1P,SNW1
DNLI3P,RBM39P
KMT2A,NUMA1
RFC1P,FXR1
Z280C,PAIRB
HNRL1,U2AF2
PHRF1P,ARVCP
SYNE2P,PRKDC
CKAP5P,SMC1A
BMS1P,SRSF1
NAT10,HNRPR
DHX9,RBM25
TCOFP,PRP4BP
AT1A3,DDX27
DDX27,EWS
HNRPR,CBX2
HNRPQ,CBX2
KI67P,PRC2CP
DNLI3P,BCLF1P
XPO2,BCLF1P
LARP1,MAP1SP
ABCF1,ANK2
TOP1,GRP78
TR150,MYPT1
BCLF1P,HYOU1
DIDO1P,SPTN1
HP1B3P,TOP1
DDX21P,SRRM1
H14P,DDX17
UBF1,ILF3
DDX21,CAF1A
RBM25,MYPT1
CAND1P,BAZ1A
NUMA1,FLNC
PSIP1P,NUCL
MYPT1,EIF3A
ROA3,RBM39P
BCLF1P,RRP12
H2AW,RBM39P
CAPR1,DDX46P
NIPBLP,PRKDC
PRP8,ASPMP
MCM10P,SF3B1
SND1,EIF3A
FEN1,LYRIC
H12,MCM10P
TR150,BAZ1B
SMRC2,MYH10
H1XP,BMS1P
GOGA3P,PRC2CP
TCPG,BRD1P
TDIF2P,TOP2A
PHIPP,NETRP
RFC1P,FLNC
CHD1,DIDO1P
ZMYM4P,PRKDC
H15P,ZN638P
PSIP1P,DIDO1P
PHIPP,MDC1
LA,ASH1LP
RSF1P,UTP20P
DNJB1P,PRC2CP
ATRXP,H2A1B
TOP2BP,RL26
ZN292P,THOC4
PARP1,FAS
KI67P,TRM6P
PRC2CP,H4
HNRPR,HMGA1
AKNAP,SRSF1
KI67P,ZN512
ATRXP,H4
NIPBLP,RPA34
UTP20P,HP1B3
NUMA1,HNRDL
KMT2AP,UHRF1
RRP1B,RS2
HS90BP,RS2
POGZP,SRSF6P
TOP2A,FEN1
ZN292P,LAP2A
EP400P,HNRPU
DDX21,PB1
ATRXP,AKAP8P
CK5P2P,LA
SRRM2,DDX21
ATRXP,NDUS1
TOP1,NDUB9
CKAP5P,TKTP
HCFC1,TOP1
ATRXP,TDIF2P
MDR1,RMXL1
PRKDC,DHX9
MGAPP,PR40AP
PHRF1P,SAMD1
MGAP,DNLI3P
MSH6P,U2AF2
BAZ1B,LA
HP1B3P,RL13A
LARP1,PAIRB
TOP2B,MAGD2P
MDN1P,MDC1
ASH1LP,UBP36P
TP53BP,HNRL2P
SRRM2P,SP16H
ZN462,RAI1P
MGAPP,SMRC2
PHRF1P,FXR2
SMHD1,HNRPU
RRP12,SNW1
TR150,HNRDL
RBBP6P,ITB1
ILF3,BMS1P
MDC1P,PRP4BP
CK5P2P,BCLF1P
NSD2,FXR2
HCFC1,PRP4BP
SPTN4,EHMT1
RBBP6P,ACTN4
RSF1P,RL7
DDX27,TADBP
PHIPP,RL13A
PRP8,MDR1
ZN638P,UBP36P
MCM2,LA
TOP2A,MCM2
NFIB,RL7
RFC1P,GRP75
TCPG,YBOX1
RBM39P,RBMX
ANK2,RCC2
BAZ1A,ARVCP
NSD2,ABCF1
BAZ1A,DNLI3P
ZMYM4P,PRP4BP
SRRM2,LAMB2
E41L5,MECP2P
BPTFP,CKAP5P
HNRC1,SPB1P
NIPBLP,TRIPC
KTN1,RAI1P
NFM,LMNA
RBM39P,RMXL1
HNRC1,GAR1
DDX17,GNL3
SF3B1,PRP4BP
GRP75,LA
TOP1P,RL1D1
PRP8,RRP5
SMRC2,MYPT1
NFH,NETRP
PRP4BP,NETRP
H15,LA
SNUT1,CAPR1
GNL3P,RL1D1
SP16H,TR150
H2AW,SRSF6P
ASH1LP,UTP20P
ZN532P,SMC1A
BRD1P,PRP4BP
TOP1,DDX5
U5S1,LONM
CHD1,MCM2
H15P,XRCC6
PSIP1P,HIRP3P
MCM10P,BCLF1P
LYRIC,K1C9
BRD3,DHX15P
GTF2IP,RFC1P
HNRPR,PPIGP
RBM39P,HNRPR
HNRPQ,PPIGP
SMRC2,NU153
H13,NEB2
ECHAP,PR40AP
VWA8P,ATRXP
SNUT1P,SMCA5
RRP1B,HYOU1
RSF1,ATD3B
ITF2,SRRM1
BRD3,AT1A3
PSIP1P,DAXXP
RBBP6P,ZN462
TOP2A,DIDO1P
BMS1P,XRCC6
HS90B,LARP1
DKC1,DHX15P
HNRC1,HNRPK
H12,MCM2
UGGG1P,SPTN4
RBM39P,NETRP
PSIP1P,NETRP
DNJB1P,ZN512
UBP36P,RRP5
DKC1,MCM10P
SSRP1,SF3B3
EIF2AP,MYPT1
RTCB,SRRM1
BMS1P,HNRPM
UBF1,EIF3A
TAU,EIF3A
HS90A,NSD2
DIDO1P,HUWE1P
PAIRB,SNUT1
RRBP1,MAP1AP
RBM39P,UBP2L
MCM5,TOP2A
NDKA,FBRL
TDIF2P,PHRF1P
CAP1,NEST
PHIPP,HNRL1
RL7,IF2B
DDX21,CK5P2P
TOP2B,KMT2A
DDX17,LAMB2
DDX21P,SMHD1
SPB1P,CBX2
SK2L2,ZN292P
RBM25,F208BP
MYPT1,MGAP
RL13A,DDX5
PP1A,RAI1P
SSRP1,NUMA1
TIF1BP,ATRXP
RS3A,UHRF1
E41L5,DIDO1P
EXOSX,ZN292P
RBM25,FLNA
BMS1P,ZN532
MSH6P,HUWE1P
VDAC2,TR150
SND1,MGAP
TOP1,MDC1
METK2,EIF3A
SMC1A,HUWE1P
CK5P2P,SYNE2P
NDUS2,RBBP6P
RPA34,ZN638P
ACTN1,ASPMP
LAP2AP,ZN292P
TADBP,TOP2B
HNRH3,EIF3A
SRSF6P,POGZ
HMGB1,ZCCHV
LARP7P,SPTN1
HMGA1P,PDIA3
DNJB1P,PHRF1P
SMRC2,AHNK
H2B1M,ATD3B
RAD21P,KI67
FLOT2,ATRXP
RL7,BAZ1B
SRSF6P,U520
DNJC9,PHRF1P
PGK1,ZN292P
TOP1P,PRKDC
TOP1,HUWE1P
DNJC9,RRP5
LA,PLEC
RL7L,EP400P
VDAC1,TITINP
SYNE2P,RL7
AHNK,ECHAP
NSD2,PB1
MGAPP,U2AF2
PHRF1P,FBRL
MDR1,RBMX
MDC1,LA
PRP8,HNRPR
MDC1P,TOP1
PGK1,SRRM2
CAP1,SRRM2
RBM25,SRRM2
KTN1,RBM25
NFH,ZN512
TCOFP,RBM25
NFH,PRP4BP
BAZ1AP,SRRM2
CENPFP,RS2
NFH,CKAP5P
H15,SPB1P
RFC1P,SRSF1
RRBP1,CHD1
NFH,RBP56
AHNKP,ZCCHV
ELYSP,SRRM2
RRBP1,PB1
RENT1,SRRM2
MTAP2,BPTFP
TITINP,SRSF3
RL7,SRRM2
TITINP,EXOS6
ITB1,SRRM2
NFH,PRP8
CENPFP,LARP1
H12P,SRRM2
NFH,CHD1
NFH,RRP5
UBF1,LARP1
NIPBLP,SRSF6P
AHNK,DNLI3P
NFH,SRRM2
FLNC,PPIGP
PDIA4,SRRM2
MAP1AP,SPB1P
NFH,RBM39P
DKC1P,SRRM2
MAP1AP,PRP8
H14P,SPB1P
WDR3,SRRM2
HNRC1,SRSF1
SF3B3,SRRM2
SK2L2,SRRM2
NFH,DDX46P
CLH1,SRRM2
BRD3,ABCF1
SYNE2P,EIF3A
SSRP1,SRRM2P
HNRL2P,SRRM2
SRRM2,NIPBL
U2AF2,SRRM2
PHIPP,SPTN1
AHNK,DDX5
MAP2,RBM39P
AHNK,PB1
VWA8P,SRSF1
VWA8P,SRSF6P
AT1A3,SRRM2
KI67P,U520
SRRM1P,RBM25
TR150,HNRPR
NFH,EIF3A
NFH,RL1D1
PB1,RS2
SRRM1,HNRPR
SRRM1,PAIRB
RL26,SRRM2
ZN638P,EIF3A
LARP7P,LARP1
NSD2P,RSF1
ATRXP,SRSF6P
RRBP1,RAI1P
TOP2B,DDX46P
TRIPC,SRSF6P
SRRM1P,EIF3A
ZN384,DIDO1P
NFH,TOP1
H1XP,SRRM2
SPB1P,MDC1
TPR,PRC2CP
APEX1,SRRM2
EWS,HSP7C
NUMA1,NIPBL
RBBP6P,TPR
RMXL1,SRRM2
MYH9,TRIPC
TCOFP,SYNE2P
AHNKP,ZN512
PRP4BP,RS2
CK5P2P,SRSF1
HNRPK,EIF3A
KHDR1,SRRM2
KTN1,RFC1P
MAP1AP,TR150
NDUA5,SRRM2
NETRP,SRSF1
RBBP6P,SRSF3
RRBP1,BOP1
RRBP1,GFAP
RRBP1,NDUS1
SP16H,SRSF6P
SRBD1,SRSF1
SRBD1,SRSF6P
SYNP2,SRRM2
TRIPC,SRSF1
TITINP,SAFB1
DYN2P,SRRM2
PRKDC,SRSF1
RFC1P,SRRM2
MYH10,SRSF1
SYNE2P,LARP1
SYNE2P,RS2
TOP1P,SNUT1
SP16H,HNRPR
RSF1,NSD2
ACLY,RBM25
TDIF2P,SRSF1
SMCA5P,SPTN4
RBBP6P,CK5P2P
RRP44,SRRM2
DNLI3P,SRSF6P
H4,EIF3A
RBM39P,DHX57P
UHRF1,EIF3A
UBF1,BCLF1P
SAFB1,BAZ1B
LARP7P,MDC1
RBBP6P,HNRPQ
AHNKP,SRSF1
RBM25,HEAT1
TOP1,BAZ1A
NSD2P,SRRT
SP16H,LARP1
SP16H,RS2
TITINP,UBP2L
ANM5P,SRRM2P
PRC2CP,DDX46P
RRBP1,EP400P
MAP1AP,DDX46P
BAZ1B,PLEC
PARP1,SRRM2P
MDN1P,EIF3A
PHRF1P,NUCL
NFH,KI67
RBBP6P,BAZ1A
RAI1P,KMT2A
TITINP,M2OMP
NIPBLP,SRSF3
DKC1P,TR150
DYHC1P,RL1D1
HNRPU,SNUT1
SRRM1P,SRSF1
NASP,RRP1B
NFH,SNUT1P
PB1,EIF3A
PRP4BP,HNRPR
SAFB1P,RRP1B
KI67P,SRSF6P
RAI1P,SRRT
MAP1BP,RBM39P
AHNKP,RBMX
ZN638P,TPR
SERF2,SRRM2
PSIP1P,SRRM2
MAP1BP,SAFB1
PLEC,PHRF1P
RRP5,ATRXP
TP53BP,SRRM2
PARP1,TR150
HNRC1,KPYM
NFH,NUMA1
PHRF1P,HNRPR
SRRM2P,ROA0
H12,KMT2A
SSRP1,PPIGP
TOP2BP,SPTN4
SMC1AP,RBP56
H14P,RL1D1
ABCF1,SRSF3
AHNK,GRP78
EIF3A,SRSF6P
H15P,SRRM2
HS90BP,SRSF1
PRC2CP,DDX21
RBBP6P,EHMT1
TRIPC,GAR1
ZN638P,SRSF6P
RSF1,LAP2A
RRBP1,ATRXP
TOP1P,RCC2
AHNKP,RBM39P
MDN1P,SRRM2
MAP1BP,PRP4BP
PSIP1P,RBBP6P
SRRM1P,ROA0
FEN1,EIF3A
BRD3,MYH9
SSRP1,RMXL1
UBR4P,TPR
AHNKP,RS2
SYNE2P,PB1
UHRF1,RNPS1
TR150,DDX3X
NFH,ROA0
SRRM2,HNRPR
TCOFP,TR150
HNRDL,SRRM2
H15P,RBBP6P
H13P,SRRM2
HNRPU,EIF3A
KTN1,PHRF1P
NIPBL,DDX46P
RAI1P,RBM25
SRSF6P,BAZ1B
SYNC,SRRM2
DAXXP,SRP68P
KTN1,CAF1A
LARP7P,PLEC
MECP2P,SPTN1
ATRXP,EIF3A
HP1B3P,RBM25
BRD3,FLNB
SYTC,SRRM2
DIDO1P,HNRPQ
EIF2AP,PHRF1P
MYH9,EIF3A
RPA34,SRRM2
TADBP,DDX46P
DDX46P,FBRL
MAP1AP,DDX3X
SRRM2,LARP1
RRBP1,FXR2
ATRXP,HNRPR
MAP1B,PPIGP
ITB1,DDX17
DDX27,RBP56
RL4,MDC1
BMS1P,RBP56
NFH,SP16H
BAZ1A,ELYS
PRP8,PR40AP
RAD21P,EIF3A
TPM1,DDX3X
RBBP6P,HIRP3P
RBBP6P,RBM39P
RPB2,DDX46P
PP1G,MATR3
RL1D1,SRRM2
NFH,ZN292P
TAU,SRRM2
HNRPDP,TITINP
MDN1P,TR150
PLEC,NUCL
AHNK,F208BP
PRP4BP,ADT3
RL7,SRRM1
TITINP,PNPT1P
MYH10,DDX3X
SRRM2,GNL3
RAB35,SRRM2
TCP4,RRP44
CAF1A,PHRF1P
H15P,UHRF1
HSP7C,SRRM2
KI67,CK5P2P
MYH9,RNPS1
RRBP1,PDIA3
RRBP1,UHRF1
SETLP,SRSF6P
SNUT1,AKAP8P
RBBP6P,SRRT
PARP1,HNRPU
RBBP6P,SRRM2
TITINP,FBRL
GNL3,DDX27
SYNE2P,SPTN1
SNUT1P,SRRM2
RBM39P,DDX21
RRP12,TR150
TCOFP,RBBP6P
PRP4BP,ROA0
MAP1AP,FXR1
BRD3,PB1
FEN1,SRRM2
H12P,PRC2CP
H15,PRC2CP
SPTB2,SRRM1
AHNKP,RBM34
H13,SPB1P
RSF1P,RNPS1
TITINP,LAR4BP
EHMT2P,SRRM2P
KTN1,SNUT1
SNUT1,KMT2A
SRRM2,MCM2
SSRP1,SNUT1
TOP1P,SPTN1
NFH,HNRPM
RAI1P,EWS
SNW1,SRRM2
SSRP1,PLEC
TCOF,ASH1LP
SRRM2,EWS
SRRM2P,RCC1
RBM4BP,SRRM2
SMC1A,ATRXP
NLTPP,DDX3X
Z280C,KI67
RFC1P,MATR3
RL24,SRRM1
ATRXP,RFC4
BMS1P,SAFB1
H15,PHIPP
PHRF1P,SRRM2P
PPIGP,EWS
SYNE2P,SNUT1
TRIPC,SNUT1
UHRF1,SRSF1
NFM,NUCKS
TOP1P,RING1
ZMYM4P,SRRM2
FXR1,TP53BP
TOP2AP,SYNE2P
ZN462,MYPT1
ASPMP,RBP56
TPR,YBOX1
NFH,PLEC
CHD1,HNRDL
DDX27,FXR1
DNLI3P,DDX46P
DNLI3P,PPIGP
DNLI3P,U2AF2
H12P,NAT10
MAK16,PHIPP
PHIPP,RS2
HNRPU,SRRM2
ATRXP,FXR2
PRP4BP,RS10
TITINP,LMNA
KMT2A,MYH10
PHRF1P,HNRPQ
RNPS1,SRRM1
SRRM1,KI67
SRSF3,SRRM2
AHNK,EP400P
H12,SRRM1
H14P,RBM39P
PGK1,SRSF1
HMGB1,GCN1
PHF6,HNRPQ
PLEC,DIDO1P
KMT2A,DDX3X
KI67,FBRL
PHIPP,ACTN1
SSRP1,MDC1
TCOF,NIPBL
TDIF2P,PRP4BP
BRD3,PPIGP
BAZ1A,EIF3A
H12P,TITINP
SYNE2P,SRRM1
EFTU,LARP1
BAZ1B,HNRL2P
KMT2A,GCN1
CAND1P,DDX46P
CENPFP,UBP2L
H12,TR150
RBM25,TOP1
TITINP,POGZ
DYN2P,SRSF6P
LARP7P,UTP20P
BRD3,PRC2CP
NFH,MAP1AP
BAZ1B,PPIGP
RSF1,MYH10
ZN462,HNRPK
KTN1,SYNE2P
NFM,EIF3A
TITINP,RSF1
AKAP8P,DDX5
BPTFP,FBRL
CAF1A,UTP20P
CENPFP,FSCN1
HS90AP,SPB1P
KMT2AP,TBB3
MSH6P,PR40AP
NFH,PB1
PHF6,MDN1P
RRP12,LARP1
SP16H,SRSF1
NFL,RBM25
SMRC2P,RNPS1
H15P,CK5P2P
G3BP2,RNPS1
NFH,MDN1P
SK2L2,NUCKS
DNJA2P,RL4
EXOSX,PRP4BP
UBF1,UTP20P
PRC2CP,SAFB1
TOP1,MDR1
MAP1AP,SRRM1
UGGG1P,RBBP6P
EP400P,SRSF1
PRKDC,KI67
HUWE1P,ZN292P
RFC1P,GTF2I
GNL3P,SRRM2
H15P,SPTB2
RL14,ASPMP
RRBP1,MAGD2P
UBF1,HNRL1
ZMYM4P,DDX3X
BAZ1B,SRRM2
H15,TR150
HS90AP,RL1D1
LAP2BP,ZN638P
KMT2A,CAF1A
KMT2AP,RBP56
SK2L2,CHD1
ABCF1,PHRF1P
NIPBL,MAGD2P
ZN638P,SRSF3
ATRXP,UBP2L
BPTFP,DHX15P
BRD3,MSH6P
HS90AP,SRSF6P
LARP7P,HYOU1
NIPBL,EP400P
TPM1,SRSF1
MDHM,GAR1
H2AW,BPTFP
KMT2AP,RBMX
KMT2AP,RMXL1
MSH6P,DDX27
NIPBLP,RS8
SSRP1,SRSF1
EWS,SMRC2
SAFB1P,SRRM2
TITINP,KI67
KTN1,DDX46P
RPB2,PPIGP
TCOFP,SRRM2
ATRXP,HNRPK
APP,KI67
ASH1LP,RBM4BP
DNJC9,SRRM2P
H15P,NUMA1
HSP7C,RNPS1
MDN1P,GNL3
MECP2P,LAP2B
RBM39P,NSD2
UBP36P,NUMA1
RRBP1,NUMA1P
TRIPC,EIF3A
VDAC2,DDX46P
VDAC2,PPIGP
VDAC2,U2AF2
SNW1,DIDO1P
TITINP,EWS
PHF6,SPTN4
CAF1A,SAFB1
MAP1BP,UBP36P
HUWE1P,ROA0
RL24,SRRM2
SNUT1,ELYS
LAP2BP,SRRM2
ASPMP,MDC1
DYHC1P,MAT2BP
EIF3A,HNRPR
FLOT2,SRSF6P
H12P,BPTFP
H13P,TITINP
IDHP,FSCN1
KTN1,KI67
PARP1,BAZ1B
PARP1,SSRP1
PHRF1P,SPTN1
RBBP6P,XRCC5
RRP1B,KMT2A
SAFB1,GNL3
SPTB2,SNUT1
UGDH,SRRM2
AHNKP,SPB1P
RL4,SRRM2
CBX1P,FXR2
CLH1,MAP1AP
NFH,MYH9
PHRF1P,TR150
TITINP,RS3
KMT2AP,SNUT1
MTAP2,TOP2B
SK2L2,WDR3
ATRXP,RMXL1
CAP1,EWS
CKAP5P,UTP20P
EWS,SRRM2P
MAP1AP,SPTN4
RRP5P,RSF1
SYNE2P,F208BP
Z280C,SRRM2
RBM39P,MDC1
SYNE2P,DHX57P
NFH,PHRF1P
AKAP8P,DHX57P
NFH,MCM10P
RRBP1,SRSF1
SRRT,RNPS1
NFH,SAFB1
RSF1P,RRP1B
SMHD1,RBM39P
SND1,TR150
SSRP1,RBM25
TRIPC,RBP56
H15P,RBM25
HCFC1,SRSF6P
PHIPP,CUX1
SSRP1,RBP56
MAP1B,BCLF1P
BAZ1BP,RBM39P
TOP1P,RNPS1
H2AW,RBM25
RFC1P,MAP1AP
NFH,SRRM1
RL26,SAFB1
RRBP1,THOC4
TCOFP,RNPS1
HUWE1P,SRRM2P
AT1A3,PRC2CP
RBBP6P,GAR1
RBBP6P,UBP36P
SRRM1P,SRRM2
TOP1P,RFC1P
RPB2,SRRM2
ABCF1,HP1B3
BAZ1AP,SAFB1
CHD1,HNRL1
RCC1,TR150
RFC1P,MDC1
RRP5,ASPMP
SF3B1,KI67
ABCF1,RNPS1
SK2L2,NIPBL
SSRP1,BAZ1A
MAP1AP,SNUT1
TR150,SRRM2
CAF1A,DSRAD
CENPFP,SRSF1
CKAP5P,DDX46P
EIF2AP,PRP4BP
MAGD2P,EIF3A
NETRP,HNRPQ
PR40AP,SRSF1
PR40AP,SRSF6P
SAFB1P,U520
SRRM2,KMT2AP
SSRP1,KI67
MAP1BP,RBP56
RING1,LARP1
RING1,RS2
HDAC2P,PPIGP
KMT2AP,SRSF3
EIF2AP,PPIGP
MCM3,SRRM2
PR40AP,TOP2B
RL14,KI67
GRP78,NUMA1
ELYSP,SNUT1
BCLF1P,AKAP8P
CENPFP,ZN638P
SMHD1,PPIGP
CBX1P,PHRF1P
CKAP5P,PAIRB
KI67,LAP2B
KTN1,SRRM2
ZN638P,MGAP
ANK2,RRP1B
DDX27,LARP1
DDX46P,SRSF1
DNJB1P,PPIGP
H14P,PHRF1P
MDC1P,RRP5
MSH6P,LYRIC
SYNE2P,DYHC1P
CKAP5P,PRP4BP
H15,FXR1
PR40AP,RBP56
SPB1P,SNUT1
RBBP6P,HNRPR
PR40AP,RNPS1
ZMYM4P,DDX46P
ABCF1,SRRM1
DDX46P,EIF3A
MAP1BP,UBR4P
PARP1,HNRL1
SAFB1,GAR1
MDN1P,HNRPR
NEB2,DDX46P
NFH,DIDO1P
NFH,LARP1
NFH,RS2
NUMA1P,U2AF2
RRBP1,SNUT1
SF3B1,BCLF1P
SF3B1,SRRM2
SRRM1,GTF2I
TADBP,LARP1
UBP36P,BCLF1P
UGGG1P,SRRM2
UTP20P,GNL3
ZN292P,SRSF6P
AHNK,GAR1
H1XP,RRP12
LONM,KHDR1
MCM3,KI67
PRC2CP,DDX5
SMC1A,MGAP
IF2B2,SRRM2
ASH1LP,SRSF1
MDC1P,RUVB2
RRP12,BAZ1A
SP16H,PHRF1P
NFH,SYNE2P
HIRP3P,NDUV1
HMGB1,SYNE2P
HNRPR,FXR1
MAP1BP,RAI1P
PAIRB,SRRM2
ELYS,PPIGP
TITINP,RBP56
KTN1,ATRXP
TITINP,CAPR1
CN37,SRRM2
HUWE1P,LARP1
CAF1A,SNUT1P
NSD2P,SAFB1
PRP8,RNPS1
RBM25,ZCCHV
RRBP1,ADNP
RRP1B,SRRM2
SMRC2P,RSF1
SNUT1,CAF1A
SNUT1,DNJA2P
SPB1P,HNRPQ
RRP5P,SRSF1
AHNKP,RRP1B
H15P,MDC1
KI67,BAZ1B
KMT2A,DDX17
BAZ1B,EWS
HS90BP,THOC4
LA,RL7
SYTC,SAFB1
H2AW,RL7
LAP2AP,PSIP1P
LAP2BP,PSIP1P
RFC1P,KI67
NAT10,EIF3A
PRC2CP,NAT10
BRD3,PLEC
CBX2,MATR3
CHD1,SRSF1
DIDO1P,THOC4
EFGMP,DIDO1P
LARP7P,CENPFP
RRBP1,ZN638P
TRIPC,PPIGP
KI67P,SRRM2
TOP2B,EIF3A
ZCCHV,PHRF1P
ZN512,KI67
ZN292P,SRRM2
NIPBLP,SNUT1
ABCF1,XRCC6
BOP1,DDX3X
FAS,TRIPC
KMT2AP,SMCA5
MAP1AP,MSH6P
NEB2,UBP2L
SMC1AP,TR150
CKAP2P,TR150
BCLF1P,KI67P
CKAP5P,SRRM1
CKAP5P,TRIPC
MTAP2,PAIRB
NFH,TOP2A
PDIA4,MSH6P
PP1G,THOC4
TCOFP,SF3B3
ZN512,SRRM2
HYOU1,PRC2CP
PRP8,ZN292P
RL4,NSD2
MAGD2P,SRRM2
SYTC,RBM25
FLNB,SRRM2
FLOT2,TITINP
TOP2A,PPIGP
NFH,KMT2A
ASH1LP,RL18
ASPMP,FXR2
ENPL,PHRF1P
NSF,SRSF3
PPIGP,MDR1
RBBP6P,KI67
RRBP1,NUCKS
NFMP,SRSF3
RSF1,KI67
TRIPC,KI67
PARP1,BCLF1P
RBM25,EIF3A
TRIPC,SAFB1
HDAC2P,PRP4BP
RFC1P,HNRPR
RRBP1,UBA1
RSF1P,SAFB1
TADBP,UBP2L
RRBP1,PHRF1P
RRP12,SRSF1
APP,SRSF6P
E41L3,SYNE2P
FLNA,SRRM2
GOGA3P,ABCF1
NAT10,SRRM1
PLEC,NSD2
PRKDC,SRRM2
RPA34,SAFB1
RS4X,RBM25
SRBD1,HNRPR
SYNE2P,DDX3X
TADBP,HNRDL
TITINP,GDE
ZN638P,MDC1
AHNKP,RRP12
HNRPU,GAR1
MECP2P,HNRPQ
PARP1,EIF3A
RRP12,UBP2L
TITINP,HNRH3
DNLI3P,SYNE2P
KI67P,UBP2L
MYPT1P,SRSF1
ZN292P,SAFB1
HMGB1,DDX27
TITINP,NACAM
TOP1P,SPB1P
H14,PRKDC
PHIPP,UBP2L
DDX27,PHRF1P
H12P,SRSF6P
MDC1P,SRRM2
MDN1P,U2AF2
NNTM,PPIGP
SYNE2P,MDC1
TITINP,YBOX1
KI67P,RNPS1
LARP7P,CHD1
NFH,DNJA2P
PRKDC,GNL3
H15P,PRP4BP
CKAP5P,SRRM2
BRD3,UBP36P
H13,KI67
PHIPP,MYPT1
RFC1P,SNUT1
RRBP1,DHX57P
RRP12,EFGMP
SMRC2,DDX27
SYNE2P,SAFB1
ZN462,UHRF1
MAP1AP,RBM39P
RRBP1,XRCC1
SPB1P,SRRM2
SRRM2,BAZ1A
HNRPC,ASH1LP
LA,SRRM1
1433B,SRSF1
ELYSP,PAIRB
NFH,MYH10
SUZ12P,PRP4BP
FBRL,PDIA3
SYNP2,EIF3A
KTN1,GAR1
TOP1,DDX46P
TR150,DIDO1P
DIDO1P,EIF3A
KI67P,SRRM1P
TITINP,SRRM1
MAP1AP,YBOX1
RRBP1,DDX46P
CBX2,PHRF1P
DYN2P,U2AF2
KI67,DHX9
LONM,SRRM1
PRKDC,MYH9
RPA34,TR150
TITINP,BAZ1A
CBX1P,SNUT1
DAXXP,NSD3
BRD1P,DDX3X
EXOSX,PR40AP
MGAP,PHRF1P
SPTN1,SNUT1
TOP1P,RMXL1
TOP2B,NIPBL
ZCCHV,SRRM2
ZN462,KI67
EHMT2P,RL14
HNRL2P,SRSF9
BAZ1B,FXR1
PB1,KI67
HIRP3P,MAP1AP
LMNB1,SRRM2
PRC2CP,KI67
PRP8,MDC1
SRRM1,FXR2
SYNE2P,DIDO1P
ABCF1,PHIPP
ATRXP,RL18
CKAP2P,SRSF6P
H14P,SYNE2P
LYRIC,DIDO1P
MDN1P,RNPS1
MGAP,CK5P2P
NIPBL,NSD3
RSF1P,UBP2L
ZN638P,RNPS1
DREB,UBA1
PGK1,RBP56
RBBP6P,GNL3
SPTN1,SRRM2
LAP2AP,TPR
LAP2BP,TPR
UHRF1,SRRM2
RL4,SRSF3
ZN638P,U2AF2
SNUT1,DDX5
LARP7P,RBM39P
ATRXP,DIDO1P
RRBP1,SPB1P
SSRP1,MYH10
TRIPC,DDX3X
EWS,EIF2AP
MSH6P,RBP56
LARP1,GAR1
ZN638P,KI67
DDX3X,SRRM2
DHX57P,PRP8
SRBD1,SRRM2
TITINP,SRSF1
ABCF1,GCN1
ACTN1,PRP4BP
AHNKP,RFC1P
AHNKP,SRCP
ANK2,SAFB1
ASH1LP,U2AF2
BAZ1AP,TADBP
BAZ1B,ARVCP
BMS1P,EIF3A
BPTFP,GNL3
BRD3,EIF3A
CENPFP,PRP8
CENPFP,RBBP6P
CHD1,DDX3X
COF2,NUCL
DKC1P,SF3B3
ECHAP,SRRM2
EIF2AP,CAF1A
ELYSP,HNRPR
EXOSX,SPTN1
EZRI,KMT2A
GTF2IP,RBM39P
H12P,KI67
H13P,PRP4BP
H14,KI67
H15P,SRSF6P
HCFC1,HNRPR
HIRP3P,DHX57P
HMGB1,EXOS6
KHDR1,EWS
KI67P,XRCC1
KMT2A,GNAS1
KTN1,NEB2
KTN1,PRP8
LA,BCLF1P
LARP7P,SRRM1
MAP1BP,RRP1B
MATR3,HNRPQ
MBP,PLEC
NSD3,MCM3
NUMA1P,SRRM1
PARP1,CHD1
PARP1,SPB1P
PB1,PLEC
PRC2CP,SRRM1
PRP4BP,UBP2L
PSIP1P,TADBP
RAI1P,MGAP
RAI1P,SRRM1
RBM25,KMT2A
RBM25,UBA1
RFC1P,RSF1
RL18,K2C1
RL24,PRP8
RL24,RNPS1
RL4,SNW1
RL7L,DHX57P
RNPS1,NUMA1
RPA34,PHRF1P
RPB2,BAZ1A
RRBP1,ATD3B
RRBP1,RBP56
RRBP1,UGDH
RRP12,FXR2
SMRC2P,RAI1P
SNUT1,NUMA1
SPB1P,EIF3A
SPTB2,SRRM2
SRSF6P,BAZ1A
SSRP1,RBBP6P
TAU,SRSF1
TCP4,SNUT1
TCPZ,RBM25
TITINP,SMC1A
TKTP,GCN1
TOP1P,RFTN1
TOP2AP,SPB1P
TOP2AP,SRSF6P
UBF1,DDX21
UTP20P,MATR3
XPO2,EWS
ZMYM4P,EIF3A
ZN292P,EWS
ZN292P,MGAP
ZN532,BCLF1P
SRRM2,MDC1
HNRL2P,GOGA3P
LAP2AP,SRRM2
H12P,LMNB1
H15P,LMNB1
TCOF,KI67
AHNKP,SRSF3
MAP1BP,PRKDC
SPTN1,EIF3A
SPB1P,RBM39P
SETLP,SRRM2
CKAP5P,EIF3A
DKC1P,PRP4BP
NFH,NIPBL
MYH10,LAR4BP
TAU,KI67
UTP20P,MECP2P
ZN532P,SAFB1
CALR,DHX57P
RFC1P,RBM39P
UBR4P,SRRM1
AHNKP,SRBD1
BMS1P,EWS
CKAP5P,H2AW
H13,PPIGP
SYTC,MBP
BAZ1BP,TPR
NFM,HNRL2P
PARP1,PAIRB
PARP1,POGZ
RRBP1,EIF3A
SYNE2P,KMT2A
PHIPP,GAR1
RL1D1,SNUT1
SNUT1P,SRRM1
TITINP,TRM6P
TR150,EWS
BAZ1B,NUMA1
CAND1P,SRRM2
MYH9,SRSF3
ZN638P,ZN512
MYH9,DIDO1P
NSD3,HNRPQ
RFC1P,RL1D1
TOP1,CAND1P
TOP1P,RS8
MAP1AP,ZN512
TOP2AP,PRP4BP
CENPFP,BAZ1B
CENPFP,BCLF1P
CENPFP,BPTFP
CHD1,SMCA5
KTN1,BAZ1A
KTN1,EIF3A
RL18,MGAP
RL1D1,RNPS1
DDX52P,NIPBL
GNL3P,SMRC2
HS71A,UHRF1
KTN1,MSH6P
MCM3,HNRPR
SMC1A,KMT2A
SMC1AP,RL1D1
TOP2A,HNRPR
ANK2,HNRL2P
H1XP,PRC2CP
PDIA4,PDIA3
ASH1LP,NEST
CKAP2P,HNRC1
NIPBLP,TKTP
RS3A,SRRM2P
RBBP6P,ROA0
ENPL,DYHC1P
MCM10P,GOGA3P
CKAP5P,ASH1LP
RS7,SRRM2
SAFB1P,RRP5
RRBP1,DHX9
BAZ1AP,SNUT1
H14,ASH1LP
GCN1,DIDO1P
COF2,GAR1
H15P,Z280C
HNRPC,RNPS1
SP16H,DDX46P
TR150,EIF3A
MATR3,CHD1
RBM25,LA
TITINP,G3BP2
CENPFP,EIF3A
KI67,GRP78
METK2,SRRM2
RBM25,BAZ1A
RRBP1,KI67
SMCA5,BMS1P
TITINP,VWA8P
HMGB1,ASPMP
LYRIC,CK5P2P
NAT10,BPTFP
PRC2CP,PB1
PSIP1P,BRD1P
RL24,DHX57P
SNUT1,EXOS6
TITINP,BAZ1B
GCN1,SRRM2
DDX46P,RBP56
H15P,MDN1P
HNRPU,PHIPP
KCRB,EIF3A
PDIA4,TITINP
RRP5P,SRRM1
TRIPC,KMT2A
UBR4P,SRSF6P
GNAS1,CAF1A
TITINP,TCPG
AHNKP,UBP36P
HNRPQ,SRSF3
KMT2AP,RL1D1
MATR3,PHRF1P
SMC1AP,SNUT1
TITINP,GAR1
SMRC2P,SRRM2
ATRXP,TP53BP
BCLF1P,SRSF3
CLH1,PHRF1P
CSRP1,LARP1
CSRP1,RS2
H15P,DYHC1P
HP1B3,KI67
KI67,HNRPQ
PRKDC,DDX3X
RFC1P,SAFB1
RRBP1,SPTB2
SMHD1,RBM25
TITINP,UBA1
TR150,SMU1
UBF1,NIPBL
UBP36P,KI67
ZMYM4P,GCN1
ZN638P,RRP1B
ASH1LP,HNRL2P
ATRXP,H33
BPTFP,DDX46P
DDX52P,ASPMP
DYHC1P,U2AF2
H12P,RL18
H14P,SPTN4
SRRM2,NUMA1
ASH1LP,HNRPR
TOP1P,SRRM1
CKAP5P,BRD1P
GRP78,NUCL
H12,CUX1
MAP1AP,HNRPU
NSD3,TADBP
PYR1P,DIDO1P
SNUT1,KI67
U520,TOP1
Z280C,SPTN4
HNRL2P,SMRC2
AHNKP,SRC8
CLH1,SRRM1
DNJA2P,SRRM2P
HMGA1,DYHC1P
MAP1AP,LYRIC
PERI,SRSF1
PERI,SRSF6P
RRBP1,PLEC
RRP1B,LARP1
TCOFP,RRP44
GNL3P,SRRM1
PR40AP,TR150
BCLF1P,SP16H
CAF1A,ACTN1
CAF1A,ACTN4
NFH,LAR4BP
RTCB,SRRM2
MAP1AP,NSD3
RBBP6P,MYPT1
AHNK,NUMA1
BAZ1BP,TOP1
CAF1A,GAR1
EHMT1,EIF3A
SPTB2,PRP4BP
ENPL,PPIGP
RAI1P,NUCKS
SSRP1,NUCL
TOP2AP,SNUT1
CKAP2P,UBR4P
MYPT1P,SNUT1
TRIPC,SRRM1
LARP7P,PPIGP
CENPFP,U2AF2
EXOSX,CAND1P
FAS,LARP1
FAS,RS2
GNL3P,SRSF6P
MDN1P,PRP4BP
RL13A,BAZ1B
RRBP1,LMNA
SMC1A,BAZ1A
NFH,PPIGP
SRSF6P,MDC1
RS3A,MDC1
ZN462,SPB1P
KMT2A,PAIRB
RBBP6P,RL7
RPA34,GNL3
SP16H,EIF3A
TR150,NUCKS
TOP1P,SRSF6P
ELYS,GNAS1
H12,EP400P
HNRPC,PHRF1P
HP1B3P,PRP4BP
BAZ1BP,RL7
CKAP5P,CAF1A
DRG1,CHD1
HSP7C,U2AF2
ASPMP,SRSF1
ASPMP,SRSF6P
NFH,ATRXP
AHNKP,UBP10
MBP,SRRM2
RAD21P,SRRM2
RRBP1,DDX3X
SRRT,DHX57P
ASH1LP,RBP56
H1XP,SPTB2
MAP1AP,HNRPR
FBRL,SRRM2
FLNC,PRP4BP
RL4,EIF3A
UTP18P,DDX46P
AHNK,BMS1P
H15,CHD1
NIPBLP,UBP2L
PHF6,FAS
TOP2BP,RSF1
TR150,RRP5
BCLF1P,KMT2A
NUMA1P,SRSF6P
NSD2P,PRP4BP
MTAP2,EIF3A
RBM39P,ELYS
CK5P2P,LAP2B
SYNE2P,RBM25
AHNK,MYH9
ANK2,DDX46P
BPTFP,SRSF1
HNRPC,DDX46P
HNRPC,U2AF2
IF2B2,SRRM1
NACAM,NIPBL
RAI1P,SNUT1
RBBP6P,SAFB1
SMCA5P,TCPZ
PR40AP,SRRM2
Z280C,SAFB1
ATRXP,ROA0
BPTFP,EXOS6
CKAP5P,GOGA3P
CKAP5P,MAP1AP
PLEC,RSF1
RL4,CKAP4
SPB1P,NSD2
SYNE2P,SMCA5
SYNE2P,UTP18P
TCPZ,HIRP3P
SRRM2,KI67
ROAA,GCN1
MAP1AP,UBP2L
PRC2CP,HUWE1P
TITINP,RTCB
ZN512,KMT2A
FLNA,EIF3A
MECP2P,EWS
MYH9,MDN1P
NUCKSP,BRD1P
RRP12,SAFB1
SPTB2,EIF3A
TITINP,FXR1
SPB1P,TDIF2P
ASPMP,MYPT1P
SRRM1P,SMC1A
ZN462,PSIP1P
ZN512,SRRM1
ABCF1,EF2
KMT2A,EIF3A
RBM25,TRIPC
KMT2AP,PRP8
KMT2AP,SMC1A
MCM10P,U2AF2
TCOF,MDN1P
DDX51P,LAP2A
DDX51P,LAP2B
ANK2,YBOX1
DDX51P,MYH10
DYHC1P,H2AW
HUWE1P,SRSF3
KMT2AP,SAMD1
PRP4BP,WDR3
SRRM2,CHD1
SYNE2P,EWS
HNRL1,DDX21
NFH,RNPS1
RBM25,RSF1
KTN1,HNRPR
LA,RBP56
PRP8,EIF3A
RSF1,PHIPP
SAFB1,MGAP
TITINP,CHAP1
TITINP,MAP1B
UBP36P,DIDO1P
CBX3P,SRRM2
RRBP1,SRSF6P
H15P,SRRM1
AKNAP,SRSF6P
GOGA3P,EWS
TPR,SRRM1
UGGG1P,EIF3A
BAZ1A,NUMA1
DAXXP,SRRM2
F208BP,RSF1
UBF1,HUWE1P
FLNC,SRRM2
AKAP8P,SRRM2
GTF2IP,SRRM2
RS5,GAR1
SRRM2,PHRF1P
BMS1P,LYRIC
MECP2P,SAFB1
TOP2A,EHMT2P
BCLF1P,ZMYM4P
TITINP,FXR2
SPB1P,NIPBL
HS90AP,SRSF3
CHD1,SRRM2P
BRD1P,SPTB2
MAP1AP,THOC4
KI67P,RSF1
MAP1BP,TR150
SYNP2,BAZ1A
H15P,KI67
H14P,TDIF2P
ATRXP,SRSF3
RRBP1,TOP1
SYNE2P,SMC1A
TCPZ,HNRPQ
TOP2A,DDX3X
MAP1BP,ZN638P
ZN292P,MSH6P
E41L3,SRRM2
BAZ1B,E41L3
SRRM2,DNJA2P
DIDO1P,FBRL
DIDO1P,HNRPR
DIDO1P,PAIRB
DIDO1P,ROA0
KI67P,ZMYM4P
MAP1AP,ANK2
NFMP,PRC2CP
SPTN1,RSF1
CKAP2P,MDC1
PRP4BP,KI67
NIPBL,PHRF1P
PRC2CP,RRP5
PARP1,PDIA3
ASPMP,RS2
F208BP,KMT2A
RBBP6P,DIDO1P
RBM39P,FAS
BPTFP,MDC1
H12P,HNRPU
SF3B1,SRSF1
TOP1P,SYNPO
HNRL1,LARP1
NFH,PSIP1P
TRM6P,SRRM2
ASPMP,ARVCP
HNRPR,DDX46P
MAP1SP,DDX46P
NFH,TPR
H15P,MAP1AP
AHNKP,RBP56
BPTFP,MYPT1
KTN1,CHD1
BAZ1AP,PRC2CP
EF2P,SRRM1
EHMT1P,U2AF2
MAP1B,ELYS
NAT10,DDX3X
NAT10,SRSF9
PSIP1P,SRRT
SPTN1,SRRM1
TAU,RBP56
TITINP,IF2B1
DNJA2P,PHIPP
PB1,DDX46P
TITINP,THOC4
ZN532P,SRRM2
CHD1,RBP56
CKAP2P,SRRT
DDX51P,RPB2
NFH,RFC1P
RBBP6P,BCLF1P
RBM39P,SRRM1
RRBP1,ASH1LP
RRBP1,PHIPP
RRBP1,PPIGP
SPTN1,KI67
ZN462,SRRT
AHNKP,SK2L2
RL4,BCLF1P
PRP4BP,RBP56
ANK2,EWS
NIPBLP,ZN638P
ASPMP,YBOX1
RAI1P,SPTN4
AHNK,BOP1
RL4,PHRF1P
RRBP1,ZN512
TITINP,ELYS
MAP1AP,EIF3A
MAP1AP,NSD2
PARP1,SRRM1
SNW1,THOC4
TITINP,SMRC2
AHNKP,TR150
KI67,PHRF1P
PPIGP,FBRL
RBBP6P,FXR2
ZN292P,DIDO1P
DIDO1P,DHX57P
NSD3,EIF3A
PR40AP,ASH1LP
NEB2,SRRM2
KTN1,PHIPP
AHNKP,TRIPC
SRRT,PB1
UTP20P,BAZ1A
RCC2,SRRM2
H15P,TDIF2P
RRBP1,SRRT
RRP12,SPB1P
TITINP,PERI
MYH10,EIF3A
HMGB1,RAI1P
KMT2A,DDX52P
KMT2A,NSD3
MAP1AP,MECP2P
UTP20P,SAFB1
NFH,EXOSX
NACAM,DYHC1P
PLEC,PAIRB
RRBP1,MYPT1
RL24,UTP20P
EIF3A,GAR1
SRBD1,DDX46P
NFH,UTP20P
KTN1,ASPMP
MAP1AP,ZN638P
RRBP1,ELYS
HS90AP,SAFB1
RRBP1,TR150
KMT2AP,UTP18P
TIF1BP,SRRM2
ATRXP,MYPT1
PSIP1P,EWS
H31,RSF1
PLEC,ROA0
PSIP1P,SNUT1
UGGG1P,RL7
PDIA4,EWS
NFMP,TITINP
SYNE2P,SPTN4
TCOF,GNL3
MYH9,SRRM2P
H12,EIF3A
MCM5,SRRM2
NSD3,SRRM2
PHIPP,MBP
RBBP6P,NUCL
RSF1P,PRC2CP
RFC1P,SRSF3
RRBP1,RRP12
H12P,MDC1
NFM,NIPBL
PR40AP,MYH10
CKAP2P,BAZ1B
MGAPP,SAFB1
H2A1B,EWS
LARP1,EIF3A
TOP2BP,RBP56
UTP20P,ZN462
RFC1P,EIF3A
AHNKP,SP16H
DDX21P,SNUT1
MYH9,LARP1
AHNKP,TKTP
EHMT1P,PRP4BP
F208BP,NIPBL
H14,EIF3A
H14P,ZN292P
MAK16P,SRRM2
NUCKS,SRRM2
RBBP6P,LAP2A
RL4,EHMT2P
RRBP1,NU214P
RSF1,KMT2A
RL18,SRRM2
UBF1,GTF2I
SP16H,PPIGP
RSF1P,SSRP1
BRD3,DYN1
BRD3,DYN2P
KI67,BCLF1P
RBM34,CAF1A
H13P,RL18
UBF1,SRSF6P
AHNKP,SAFB1
ENPL,SRRM2
GNL3P,RBM25
APP,SRRT
TPR,EIF3A
KMT2A,MGAP
PARP1,SMC1A
RL1D1,BAZ1A
KTN1,PAIRB
PDIA3,EIF3A
SPTB2,KI67
SPB1P,SRSF3
KI67,LARP1
NFH,DHX57P
RRP5P,SRSF6P
BAZ1B,LMNA
DDX27,RL7
UTP20P,RRP5
RSF1P,SRRM1
AHNKP,ZN638P
CAF1A,SRSF6P
RAI1P,BAZ1B
RRBP1,MYH9
UBP36P,RBP56
AHNK,KMT2AP
AHNK,BPTFP
PRP4BP,BAZ1A
RRBP1,LAMB2
SRRT,DDX3X
GNAS1,SRRM1
KMT2AP,RNPS1
NSD2P,SRRM2
MYH9,KI67
DDX17,TADBP
RBM34,PHRF1P
PRC2CP,EIF3A
BMS1P,RBM25
NFH,ELYS
RBM39P,RBP56
TITINP,ROA0
TCOFP,SRRM1
EXOSX,UHRF1
AHNKP,SUZ12P
HEAT1P,SRRM2
HP1B3,ASH1LP
PPIGP,ARVCP
SP16H,PRP4BP
H12,PHRF1P
RL4,RBBP6P
BPTFP,RBP56
HS71A,SRRM2
SPTN4,SRRM2
DDX27,PAIRB
ZN462,EIF3A
SF3B1,SRSF6P
LARP1,CAF1A
RBM34,MGAP
RL1D1,HNRDL
DDX21,CUX1
AHNKP,RL7
RS3A,PAIRB
NFMP,ZN638P
AHNKP,SRRM2
AHNKP,PRC2CP
H14P,PRP4BP
NFH,MSH6P
NFIB,SRRM2
UBP36P,SRSF6P
RRBP1,ASPMP
CBX1P,SRRM2
NFH,DYHC1P
AHNKP,WDR3
RBM34,SRRM2
HMGA1,BPTFP
NFH,ZN638P
AHNKP,U2AF2
AHNKP,SPTB2
H2AW,MGAP
KI67,DIDO1P
HMGB1,SRRM2
NFH,SRSF1
AHNKP,UBP2L
CENPFP,SRRM2P
RBBP6P,KMT2A
NFL,SRRM2
AHNKP,SYMC
WDR3,NFM
RRBP1,TPR
HNRL2P,EIF3A
MCM6,SRRM2
NFH,PAIRB
AHNKP,RBBP6P
RPA34,SRSF6P
SP16H,SRRM2
RL13A,SRRM2
FLNB,LARP1
SMHD1,SRRM2
NSD3,RSF1
TADBP,SRRM2
AHNKP,SPTN1
AHNKP,SMC1A
NFH,MDC1
E41L5,SRRM2
NFH,ASPMP
TOP2AP,RBM25
MDN1P,RBM25
AHNKP,RAI1P
RRBP1,BCLF1P
AHNKP,RBM25
PDIA3,SRRM2P
GRP78,SRRM2
NFH,BCLF1P
TCPG,SRRM2
H13,EIF3A
AHNKP,PRP8
JIP4P,SRRM2
NFH,BRD1P
NFMP,SRRM2
AHNKP,TPR
SMCA5P,SRRM2
AHNKP,ZMYM4P
LARP7P,SRRM2
AHNK,CAF1A
UBP36P,RBM25
